annee,id_circo,departement,nb_qualifies,nb_maintenus,candidats
1958,1.0-1.0,AIN,6,5,COM:4708; SFIO:3281; RADSOC:12530; UNR:5053; MRP:8713; CNI:7872
1958,1.0-2.0,AIN,5,3,COM:9835; SFIO:4960; CRR:9311; MRP:8803; CNI:14030
1958,1.0-3.0,AIN,6,3,COM:6427; RADSOC:9704; UNR:3900; MRP:10689; CNI:8387; POUJ:3002
1958,10.0-1.0,AUBE,6,3,COM:5494; SFIO:4613; RADSOC:2991; UNR:6151; DIVGAUL:3820; CNI:9137
1958,10.0-3.0,AUBE,7,4,COM:9586; SFIO:6463; RADSOC:2221; UNR:8493; MRP:6908; MOD:5314; POUJ:4311
1958,11.0-1.0,AUDE,4,3,COM:8421; SFIO:13191; RADSOC:6386; MRP:9832
1958,11.0-2.0,AUDE,5,4,COM:8646; UFD:5297; SFIO:14147; RADSOC:6924; UNR:6400
1958,11.0-3.0,AUDE,4,3,COM:5566; SFIO:13115; RADSOC:11236; CNI:7461
1958,12.0-2.0,AVEYRON,5,3,COM:7689; SFIO:14306; RADCENT:2586; MRP:7229; CNI:13583
1958,12.0-3.0,AVEYRON,7,4,COM:4114; SFIO:4442; UNR:11682; MRP:11633; CNI:10400; MOD:4977; POUJ:5002
1958,13.0-1.0,BOUCHES-DU-RHONE,4,3,COM:5123; SFIO:6748; UNR:9379; CNI:14315
1958,13.0-10.0,BOUCHES-DU-RHONE,5,3,COM:16002; SFIO:17208; UNR:7868; MRP:6672; CNI:6881
1958,13.0-11.0,BOUCHES-DU-RHONE,5,3,COM:13340; SFIO:19721; UNR:9637; CNI:4431; POUJ:2628
1958,13.0-2.0,BOUCHES-DU-RHONE,4,3,COM:9856; SFIO:13439; CRR:4626; MOD:19082
1958,13.0-3.0,BOUCHES-DU-RHONE,6,4,COM:9883; SFIO:10441; RADSOC:4963; CRR:5803; CNI:6963; POUJ:2863
1958,13.0-4.0,BOUCHES-DU-RHONE,5,3,COM:18227; SFIO:10854; UNR:2063; CRR:3100; MRP:2328
1958,13.0-5.0,BOUCHES-DU-RHONE,4,3,COM:9980; SFIO:11329; MRP:3286; CNI:10390
1958,13.0-6.0,BOUCHES-DU-RHONE,4,4,COM:11827; SFIO:13429; UNR:4011; CNI:7018
1958,13.0-7.0,BOUCHES-DU-RHONE,4,3,COM:13269; SFIO:9968; UNR:7987; CRR:4584
1958,13.0-8.0,BOUCHES-DU-RHONE,5,3,COM:11235; SFIO:18306; UNR:8953; MRP:2383; EXD:3847
1958,13.0-9.0,BOUCHES-DU-RHONE,5,3,COM:9082; SFIO:10681; RADCENT:6281; UNR:12031; CNI:8981
1958,14.0-3.0,CALVADOS,5,3,COM:9317; UNR:5504; CRR:6369; CNI:7053; MOD:13623
1958,14.0-5.0,CALVADOS,5,4,COM:2547; SFIO:4020; CNI:12687; MOD:4347; EXD:11415
1958,15.0-1.0,CANTAL,4,3,COM:5556; SFIO:8281; RADSOC:4946; RADCENT:18609
1958,15.0-2.0,CANTAL,5,3,COM:4007; SFIO:4127; UNR:9182; MRP:9150; CNI:11117
1958,16.0-1.0,CHARENTE,5,3,COM:13039; SFIO:10542; UNR:13938; MRP:3693; CNI:16203
1958,16.0-2.0,CHARENTE,4,3,COM:7803; RADSOC:18211; CRR:9614; MRP:7216
1958,16.0-3.0,CHARENTE,4,3,COM:14408; RADSOC:10212; UNR:5726; CNI:17041
1958,17.0-1.0,CHARENTE-MARITIME,6,4,COM:8585; SFIO:5296; RADSOC:2880; UNR:10442; MRP:2623; CNI:13144
1958,17.0-2.0,CHARENTE-MARITIME,6,3,COM:4517; SFIO:2313; RADSOC:4630; RADCENT:2370; UNR:10963; MOD:4245
1958,17.0-3.0,CHARENTE-MARITIME,7,3,COM:4819; SFIO:3155; RADSOC:3854; RADCENT:5273; UNR:2592; CNI:11022; POUJ:1722
1958,17.0-4.0,CHARENTE-MARITIME,6,4,COM:6574; SFIO:7253; RADSOC:10129; UNR:5506; CNI:12045; MOD:7121
1958,17.0-5.0,CHARENTE-MARITIME,6,5,COM:5391; RADSOC:7225; UNR:10917; DIVGAUL:2510; CNI:11077; POUJ:4888
1958,18.0-1.0,CHER,5,3,COM:12779; UFD:2647; SFIO:4727; UNR:6942; CNI:18196
1958,19.0-1.0,CORREZE,4,3,COM:15549; SFIO:13227; RADSOC:9387; CNI:6259
1958,19.0-2.0,CORREZE,7,3,COM:12575; SFIO:5247; RADSOC:7032; UNR:10769; CRR:3062; MRP:3225; CNI:4787
1958,2.0-2.0,AISNE,5,3,COM:14225; SFIO:13793; UNR:14821; DIVGAUL:3947; MOD:4987
1958,2.0-3.0,AISNE,5,3,COM:9729; SFIO:7546; RADUFD:2081; CNI:8845; MOD:12955
1958,2.0-5.0,AISNE,6,3,COM:10985; SFIO:14977; RADSOC:3229; RADCENT:8737; UNR:6094; MOD:4438
1958,20.0-1.0,CORSE,4,4,COM:5281; RADSOC:6917; RADCENT:13887; EXD:5944
1958,20.0-2.0,CORSE,6,5,COM:4655; SFIO:1605; RADSOC:4865; RADCENT:5184; UNR:5668; CNI:5721
1958,20.0-3.0,CORSE,4,4,COM:2858; RADSOC:11165; RADCENT:11753; UNR:7052
1958,21.0-1.0,COTE-D'OR,5,3,COM:6055; SFIO:5759; UNR:4477; CNI:19892; MOD:9494
1958,21.0-2.0,COTE-D'OR,6,4,COM:5082; SFIO:6140; UNR:10172; CNI:12206; MOD:4778; EXD:2066
1958,21.0-3.0,COTE-D'OR,4,3,COM:8471; SFIO:5343; CNI:17311; MOD:5285
1958,21.0-4.0,COTE-D'OR,7,3,COM:4664; SFIO:6177; RADSOC:4324; UNR:5699; CNI:10936; MOD:2373; POUJ:2673
1958,22.0-1.0,COTES-D'ARMOR,6,4,COM:8609; UFD:9981; SFIO:3451; UNR:10415; MRP:16484; CNI:11252
1958,22.0-3.0,COTES-D'ARMOR,6,3,COM:11113; RADSOC:6090; UNR:5777; CRR:2445; MRP:13206; CNI:7543
1958,22.0-4.0,COTES-D'ARMOR,6,3,COM:12846; SFIO:10209; UDSRMIN:4595; UNR:3527; MRP:11757; MOD:5247
1958,22.0-5.0,COTES-D'ARMOR,6,3,COM:13125; SFIO:7850; RADCENT:10046; UNR:5194; MRP:8057; CNI:10290
1958,23.0-1.0,CREUSE,4,3,COM:7349; SFIO:6002; RADCENT:15800; RADUFD:7169
1958,24.0-3.0,DORDOGNE,4,3,COM:12065; SFIO:6741; RADSOC:10531; RADCENT:22262
1958,24.0-4.0,DORDOGNE,3,3,COM:10891; SFIO:18041; RADSOC:20698
1958,25.0-1.0,DOUBS,6,3,COM:3772; SFIO:18095; RADSOC:4093; UNR:15131; MRP:5223; CNI:7469
1958,25.0-2.0,DOUBS,6,3,COM:9242; SFIO:10239; RADSOC:4903; UNR:17642; DIVGAUL:3365; MRP:10330
1958,25.0-3.0,DOUBS,4,3,SFIO:5094; UNR:15741; MRP:6845; CNI:13524
1958,26.0-1.0,DROME,6,4,COM:9834; SFIO:8044; RADSOC:7439; UNR:7488; MRP:10418; CNI:3311
1958,26.0-2.0,DROME,6,4,COM:8506; SFIO:12576; RADSOC:5239; UNR:4652; MRP:4287; CNI:3153
1958,26.0-3.0,DROME,7,4,COM:7135; SFIO:6814; RADSOC:11947; UNR:2577; MRP:5379; CNI:9173; MOD:2592
1958,27.0-1.0,EURE,5,4,COM:8029; SFIO:4346; RADUFD:2388; CRR:6994; MOD:16928
1958,27.0-2.0,EURE,4,4,COM:4633; RADSOC:6975; CNI:14647; MOD:8825
1958,28.0-1.0,EURE-ET-LOIR,5,4,COM:6455; SFIO:2417; RADSOC:12928; UNR:8544; CNI:11772
1958,28.0-2.0,EURE-ET-LOIR,5,4,COM:5791; SFIO:5977; RADCENT:9431; UNR:11142; MOD:7412
1958,28.0-3.0,EURE-ET-LOIR,6,4,COM:6265; SFIO:4431; RADSOC:8966; UNR:5402; CNI:13005; POUJ:3270
1958,29.0-1.0,FINISTERE,4,3,COM:10857; SFIO:6214; UNR:16362; MRP:13814
1958,29.0-2.0,FINISTERE,6,4,COM:8287; SFIO:8643; UNR:7291; CRR:7692; MRP:12919; CNI:10243
1958,29.0-5.0,FINISTERE,4,3,SFIO:8046; MRP:10724; CNI:14878; MOD:14708
1958,29.0-6.0,FINISTERE,6,3,COM:5489; SFIO:6316; RADCENT:6800; MRP:10906; CNI:13562; MOD:4732
1958,29.0-8.0,FINISTERE,5,4,COM:10395; SFIO:6433; UNR:9735; MRP:12883; MOD:5815
1958,3.0-1.0,ALLIER,5,3,COM:8832; UFD:2651; SFIO:8896; MRP:5934; MOD:9680
1958,3.0-2.0,ALLIER,5,3,COM:14671; SFIO:11965; RADSOC:6536; MRP:7023; CNI:2523
1958,3.0-3.0,ALLIER,5,4,COM:15163; SFIO:11933; RADCENT:9097; MOD:4242; POUJ:2503
1958,3.0-4.0,ALLIER,6,4,COM:10279; SFIO:4459; RADSOC:11052; UNR:3509; CNI:15688; EXD:3047
1958,30.0-3.0,GARD,5,3,COM:16962; SFIO:9669; DIVGAUL:4027; MRP:15133; MOD:2749
1958,31.0-1.0,HAUTE-GARONNE,5,3,COM:6882; SFIO:7379; RADSOC:6193; UNR:14226; EXD:2290
1958,31.0-2.0,HAUTE-GARONNE,6,4,COM:7821; SFIO:9615; RADSOC:5262; UNR:7529; CNI:8603; EXD:2650
1958,31.0-3.0,HAUTE-GARONNE,5,3,COM:7527; SFIO:9953; RADSOC:6033; UNR:11402; MRP:8331
1958,31.0-4.0,HAUTE-GARONNE,5,4,COM:7780; SFIO:11546; RADSOC:6202; RADCENT:5073; UNR:6155
1958,31.0-5.0,HAUTE-GARONNE,5,3,COM:5928; SFIO:11543; RADSOC:3500; RADCENT:16235; UNR:3663
1958,31.0-6.0,HAUTE-GARONNE,5,4,COM:3925; SFIO:9295; RADSOC:16667; UNR:3039; MRP:4599
1958,32.0-1.0,GERS,4,4,COM:6685; SFIO:7536; RADSOC:15527; MOD:9466
1958,33.0-1.0,GIRONDE,8,4,COM:6305; SFIO:8439; RADSOC:3376; UNR:12594; CRR:7063; MRP:3376; CNI:10351; EXD:2848
1958,33.0-10.0,GIRONDE,5,4,COM:2776; RADSOC:5583; UNR:12109; CNI:9661; POUJ:4124
1958,33.0-2.0,GIRONDE,5,3,COM:3193; SFIO:4985; UNR:17725; CNI:3690; EXD:7312
1958,33.0-3.0,GIRONDE,5,4,COM:5906; SFIO:9112; RADCENT:3263; UNR:12476; EXD:10377
1958,33.0-4.0,GIRONDE,6,3,COM:7898; SFIO:11898; UNR:3694; CNI:3236; MOD:8460; EXD:2439
1958,33.0-5.0,GIRONDE,5,3,COM:3734; SFIO:7952; RADSOC:4925; UNR:16234; EXD:3542
1958,33.0-6.0,GIRONDE,5,4,COM:7186; UFD:2095; SFIO:10688; UNR:11356; EXD:8836
1958,33.0-7.0,GIRONDE,5,3,COM:5778; SFIO:12081; UNR:13709; MRP:2682; CNI:11879
1958,33.0-8.0,GIRONDE,5,3,COM:6170; SFIO:5678; RADSOC:3338; CNI:18092; EXD:10957
1958,33.0-9.0,GIRONDE,6,4,COM:4003; SFIO:10961; RADSOC:3213; UNR:11181; CNI:7546; MOD:3076
1958,34.0-1.0,HERAULT,5,4,COM:8515; SFIO:8106; RADSOC:7427; UNR:8971; CNI:11017
1958,34.0-2.0,HERAULT,5,3,COM:8986; SFIO:7739; RADCENT:4835; MRP:10473; MOD:9234
1958,34.0-3.0,HERAULT,5,3,COM:12239; SFIO:12286; UNR:7644; MRP:6825; EXD:2744
1958,34.0-4.0,HERAULT,5,3,COM:11931; SFIO:8136; RADSOC:6229; UNR:9892; CNI:4543
1958,34.0-5.0,HERAULT,4,3,COM:8458; SFIO:10955; RADCENT:7217; MOD:4714
1958,35.0-1.0,ILLE-ET-VILAINE,5,3,COM:5946; RADSOC:4956; UNR:9535; MRP:19903; CNI:9786
1958,35.0-2.0,ILLE-ET-VILAINE,4,3,COM:8561; SFIO:10042; MRP:18846; CNI:22279
1958,35.0-5.0,ILLE-ET-VILAINE,5,4,COM:2464; SFIO:4093; UNR:14332; MRP:8728; CNI:10906
1958,35.0-6.0,ILLE-ET-VILAINE,5,3,COM:7732; RADSOC:6550; UNR:9978; MRP:18540; CNI:17979
1958,36.0-1.0,INDRE,5,3,COM:7644; SFIO:3548; RADSOC:13269; RADCENT:7762; CRR:3891
1958,36.0-2.0,INDRE,5,3,COM:10832; SFIO:4036; RADCENT:13618; UNR:8564; POUJ:3014
1958,36.0-3.0,INDRE,5,3,COM:10451; SFIO:4885; RADCENT:8718; CRR:5933; CNI:11545
1958,37.0-1.0,INDRE-ET-LOIRE,7,4,COM:10248; SFIO:7308; UDSRMIN:2548; UNR:9749; CRR:11077; MRP:2806; CNI:5526
1958,37.0-2.0,INDRE-ET-LOIRE,7,4,COM:5773; SFIO:4993; RADSOC:4808; UNR:10316; CRR:4551; MRP:2729; EXD:6803
1958,38.0-4.0,ISERE,5,3,COM:5645; SFIO:8396; MRP:4979; CNI:7451; POUJ:2899
1958,38.0-5.0,ISERE,4,3,COM:6149; SFIO:9289; MRP:16000; EXD:3931
1958,38.0-6.0,ISERE,6,3,COM:6295; SFIO:3708; RADSOC:4887; MRP:5560; CNI:7641; MOD:5175
1958,38.0-7.0,ISERE,6,3,COM:8390; UFD:2291; RADSOC:6660; UNR:4824; MRP:4336; CNI:18193
1958,39.0-1.0,JURA,5,3,COM:5377; SFIO:3461; RADCENT:19637; MRP:19407; EXD:4882
1958,39.0-2.0,JURA,6,3,COM:7922; SFIO:5513; RADCENT:12590; UNR:9676; MRP:7733; CNI:6491
1958,4.0-1.0,ALPES-DE-HAUTE-PROVENCE,4,3,COM:4009; SFIO:3678; RADSOC:7044; UNR:6198
1958,4.0-2.0,ALPES-DE-HAUTE-PROVENCE,4,3,COM:5343; SFIO:7115; UNR:3346; MRP:5517
1958,40.0-1.0,LANDES,4,3,COM:5236; SFIO:11385; RADSOC:8525; UNR:15223
1958,40.0-2.0,LANDES,5,3,COM:7882; SFIO:13560; RADSOC:5924; UNR:14548; MRP:7632
1958,40.0-3.0,LANDES,5,4,COM:5869; SFIO:14885; RADSOC:3223; UNR:6184; MRP:12416
1958,41.0-2.0,LOIR-ET-CHER,5,3,COM:8404; SFIO:10061; UNR:10157; MRP:3954; CNI:8473
1958,41.0-3.0,LOIR-ET-CHER,6,4,COM:5749; SFIO:7766; UNR:2737; MRP:7987; CNI:5541; POUJ:7419
1958,42.0-1.0,LOIRE,5,4,COM:7997; RADSOC:8061; RADCENT:9730; MRP:9282; EXD:3360
1958,42.0-4.0,LOIRE,3,3,COM:8917; RADSOC:12793; UDSRMIN:18782
1958,42.0-5.0,LOIRE,5,3,COM:7747; SFIO:5260; UDSRMIN:15542; UNR:8716; POUJ:2764
1958,42.0-6.0,LOIRE,4,3,COM:3889; SFIO:7405; MRP:17595; MOD:6662
1958,43.0-1.0,HAUTE-LOIRE,5,3,COM:3886; SFIO:5227; MRP:14473; CNI:10915; MOD:19430
1958,44.0-1.0,LOIRE-ATLANTIQUE,5,4,COM:7253; SFIO:10110; UNR:16159; MRP:5200; CNI:17606
1958,44.0-2.0,LOIRE-ATLANTIQUE,6,3,COM:7378; SFIO:7452; UNR:6493; MRP:2997; CNI:15740; MOD:2342
1958,44.0-3.0,LOIRE-ATLANTIQUE,4,3,COM:5626; SFIO:4835; RADCENT:11768; CNI:19251
1958,44.0-5.0,LOIRE-ATLANTIQUE,4,3,COM:2071; RADCENT:13560; MRP:13777; MOD:7345
1958,44.0-6.0,LOIRE-ATLANTIQUE,6,4,COM:4972; UFD:4671; SFIO:10830; UNR:5739; MRP:11212; MOD:10534
1958,44.0-7.0,LOIRE-ATLANTIQUE,6,3,COM:2411; SFIO:3406; UNR:11417; MRP:12402; CNI:2901; MOD:6808
1958,45.0-1.0,LOIRET,6,3,COM:6601; SFIO:5235; RADSOC:6174; UNR:17389; MRP:5899; POUJ:2277
1958,45.0-2.0,LOIRET,6,3,COM:8346; SFIO:5811; RADSOC:3112; MRP:11199; CNI:10332; POUJ:3221
1958,45.0-3.0,LOIRET,6,3,COM:6161; SFIO:3248; RADSOC:7812; UNR:18993; MRP:4586; POUJ:2479
1958,45.0-4.0,LOIRET,6,3,COM:9696; SFIO:2466; RADSOC:4581; UNR:7328; MOD:15041; POUJ:3206
1958,46.0-1.0,LOT,5,3,COM:6628; SFIO:6509; RADSOC:16024; CNI:8680; POUJ:2340
1958,47.0-3.0,LOT-ET-GARONNE,5,3,COM:6103; SFIO:2200; RADSOC:11022; UNR:11569; MOD:8343
1958,48.0-2.0,LOZERE,3,3,COM:1300; MRP:8704; CNI:9722
1958,49.0-1.0,MAINE-ET-LOIRE,5,3,COM:4433; SFIO:3157; UNR:12040; MRP:2293; MOD:10398
1958,49.0-2.0,MAINE-ET-LOIRE,7,6,COM:4135; SFIO:4451; MRP:8807; CNI:12421; MOD:8081; EXD:2142; POUJ:2486
1958,49.0-4.0,MAINE-ET-LOIRE,7,3,COM:2093; SFIO:2032; UNR:7308; CRR:2477; MRP:3120; CNI:13728; POUJ:7321
1958,49.0-5.0,MAINE-ET-LOIRE,5,4,COM:2830; UNR:15308; MRP:14702; MOD:13416; POUJ:3293
1958,49.0-6.0,MAINE-ET-LOIRE,6,4,COM:3766; SFIO:4969; UNR:10576; MRP:14279; CNI:8419; POUJ:2676
1958,5.0-1.0,HAUTES-ALPES,7,4,COM:4406; SFIO:2433; RADSOC:3248; UNR:3055; MRP:4681; CNI:2438; MOD:1445
1958,5.0-2.0,HAUTES-ALPES,5,3,COM:2409; SFIO:980; UDSRMIN:7143; UNR:6334; MOD:1053
1958,50.0-1.0,MANCHE,5,3,SFIO:4091; UNR:3264; MRP:5409; CNI:16750; MOD:7947
1958,50.0-2.0,MANCHE,3,3,SFIO:2639; CNI:16633; MOD:29597
1958,50.0-3.0,MANCHE,6,3,COM:2164; SFIO:2938; RADCENT:11745; UNR:7109; MRP:10766; MOD:5756
1958,50.0-4.0,MANCHE,6,3,SFIO:3635; RADCENT:5162; UNR:10162; MRP:4210; CNI:6262; MOD:4060
1958,50.0-5.0,MANCHE,6,5,COM:3173; UFD:2921; SFIO:14264; UNR:5419; MRP:6648; CNI:4851
1958,51.0-1.0,MARNE,4,3,COM:9162; SFIO:5963; CRR:16004; MRP:12021
1958,51.0-2.0,MARNE,7,3,COM:10484; SFIO:6770; RADSOC:2769; RADCENT:3004; UNR:12137; MRP:5264; MOD:7001
1958,51.0-3.0,MARNE,6,4,COM:6662; SFIO:3781; RADCENT:4173; RADUFD:4467; UNR:15374; MRP:10297
1958,51.0-4.0,MARNE,5,3,COM:11856; SFIO:4191; RADSOC:5780; UNR:10899; MRP:13724
1958,52.0-1.0,HAUTE-MARNE,5,3,COM:5561; SFIO:3514; RADSOC:8941; UNR:21207; CNI:10885
1958,53.0-2.0,MAYENNE,6,4,COM:2067; SFIO:3168; UNR:7753; MRP:11946; CNI:11132; MOD:3776
1958,54.0-1.0,MEURTHE-ET-MOSELLE,4,3,COM:5841; SFIO:6065; UNR:14595; CNI:16482
1958,54.0-2.0,MEURTHE-ET-MOSELLE,6,4,COM:5927; SFIO:5538; UNR:10754; CRR:4762; CNI:10529; MOD:5828
1958,54.0-3.0,MEURTHE-ET-MOSELLE,5,3,COM:4970; SFIO:3653; RADSOC:6397; UNR:8618; CNI:18375
1958,54.0-4.0,MEURTHE-ET-MOSELLE,5,3,COM:4222; SFIO:2350; UNR:7498; CNI:11465; MOD:14329
1958,54.0-6.0,MEURTHE-ET-MOSELLE,6,3,COM:9995; SFIO:2844; RADSOC:7005; UNR:4038; MRP:6527; MOD:4025
1958,54.0-7.0,MEURTHE-ET-MOSELLE,4,3,COM:9287; SFIO:8264; UNR:8576; CNI:5691
1958,55.0-2.0,MEUSE,6,3,COM:5669; RADSOC:4278; RADCENT:20784; UNR:5052; MRP:5233; MOD:2233
1958,56.0-1.0,MORBIHAN,4,3,SFIO:3029; UNR:5874; CNI:19668; MOD:19713
1958,56.0-5.0,MORBIHAN,7,3,COM:7950; SFIO:12037; UNR:3947; CRR:2870; MRP:6225; CNI:10204; EXD:2296
1958,57.0-2.0,MOSELLE,5,4,COM:3122; SFIO:2021; UNR:10556; CRR:8397; MRP:15931
1958,57.0-3.0,MOSELLE,5,4,COM:7818; UFD:2574; RADSOC:3991; CRR:13338; CNI:12301
1958,57.0-5.0,MOSELLE,5,3,COM:2825; SFIO:2348; CRR:6112; MRP:20393; MOD:9617
1958,57.0-6.0,MOSELLE,3,3,COM:4425; UNR:13577; MRP:17384
1958,57.0-8.0,MOSELLE,3,3,CRR:3527; MRP:19052; CNI:17213
1958,58.0-1.0,NIEVRE,4,3,COM:10262; SFIO:7571; RADSOC:4571; UNR:16934
1958,58.0-2.0,NIEVRE,4,3,COM:10366; SFIO:5426; UNR:11659; MOD:11199
1958,58.0-3.0,NIEVRE,4,3,COM:6178; UFD:7768; SFIO:8774; CNI:12930
1958,59.0-1.0,NORD,6,4,COM:3760; SFIO:7045; CRR:3611; MRP:9114; CNI:10945; MOD:2264
1958,59.0-10.0,NORD,4,3,COM:11419; SFIO:10749; MRP:19530; CNI:16035
1958,59.0-11.0,NORD,5,3,COM:10142; SFIO:24445; RADSOC:7977; UNR:14625; MRP:3931
1958,59.0-13.0,NORD,5,4,COM:3535; SFIO:9021; UNR:12225; MRP:12011; MOD:2305
1958,59.0-14.0,NORD,4,3,COM:18656; SFIO:15293; MRP:16299; EXD:3111
1958,59.0-16.0,NORD,5,3,COM:11295; SFIO:17580; UNR:9289; MRP:4026; CNI:5045
1958,59.0-17.0,NORD,5,3,COM:9017; SFIO:13101; UNR:4301; MRP:4444; CNI:7490
1958,59.0-18.0,NORD,3,3,COM:13267; SFIO:14228; UNR:13433
1958,59.0-2.0,NORD,4,3,COM:5922; SFIO:12739; UNR:16834; MRP:4395
1958,59.0-21.0,NORD,5,4,COM:6427; SFIO:9176; UNR:6835; CRR:2083; CNI:7612
1958,59.0-22.0,NORD,3,3,COM:11658; SFIO:16079; UNR:13010
1958,59.0-23.0,NORD,3,3,COM:9337; SFIO:11927; CRR:14429
1958,59.0-3.0,NORD,6,3,COM:5258; SFIO:7653; RADCENT:2757; UNR:12564; MRP:4474; MOD:5159
1958,59.0-4.0,NORD,5,3,COM:6894; SFIO:10406; UNR:8319; MRP:3589; MOD:4594
1958,59.0-6.0,NORD,5,3,COM:9688; SFIO:15170; UNR:14612; MRP:3977; MOD:2682
1958,59.0-7.0,NORD,5,3,COM:8735; SFIO:20882; UNR:11848; MRP:8937; CNI:11181
1958,59.0-8.0,NORD,5,3,COM:9653; SFIO:16838; UNR:10641; MRP:11227; CNI:4292
1958,59.0-9.0,NORD,5,3,COM:8149; SFIO:16161; UNR:14411; MRP:11785; CNI:8310
1958,6.0-6.0,ALPES-MARITIMES,4,3,COM:10305; RADCENT:13490; UNR:11843; CRR:4903
1958,60.0-1.0,OISE,4,3,COM:7004; SFIO:7850; UNR:17522; CRR:7289
1958,60.0-2.0,OISE,5,3,COM:7383; SFIO:2700; RADSOC:8393; UNR:6286; CNI:14520
1958,60.0-3.0,OISE,5,4,COM:9574; SFIO:2636; RADSOC:15021; DIVGAUL:2424; CNI:9167
1958,60.0-4.0,OISE,5,3,COM:11317; SFIO:5218; UNR:11702; MOD:14831; EXD:3598
1958,60.0-5.0,OISE,4,3,COM:8835; SFIO:6730; UNR:14571; CRR:6680
1958,61.0-1.0,ORNE,5,3,COM:2661; RADSOC:7724; UNR:16020; CRR:4738; CNI:11932
1958,61.0-2.0,ORNE,5,4,COM:2544; RADSOC:6836; UNR:12877; CNI:11827; MOD:5765
1958,61.0-3.0,ORNE,5,4,COM:3494; SFIO:2553; MRP:16033; CNI:16996; EXD:7239
1958,62.0-1.0,PAS-DE-CALAIS,4,3,COM:11143; SFIO:17522; MRP:10115; MOD:5500
1958,62.0-10.0,PAS-DE-CALAIS,4,3,COM:15433; SFIO:16069; CRR:6776; MRP:3741
1958,62.0-11.0,PAS-DE-CALAIS,4,3,COM:13972; SFIO:14776; UNR:6319; MRP:8139
1958,62.0-14.0,PAS-DE-CALAIS,4,3,COM:13590; SFIO:16272; UNR:5790; MRP:6194
1958,62.0-2.0,PAS-DE-CALAIS,4,3,COM:8665; SFIO:11814; UNR:13215; MRP:9760
1958,62.0-3.0,PAS-DE-CALAIS,5,3,COM:11052; SFIO:12722; UNR:6704; CRR:3579; MOD:10635
1958,62.0-4.0,PAS-DE-CALAIS,6,4,COM:4672; SFIO:5861; RADSOC:5002; UNR:6448; MRP:8514; MOD:11575
1958,62.0-5.0,PAS-DE-CALAIS,5,3,COM:8587; SFIO:14717; UNR:4725; MRP:7923; EXD:3533
1958,62.0-7.0,PAS-DE-CALAIS,5,4,COM:6955; SFIO:6587; UNR:19657; CRR:4498; MRP:6196
1958,62.0-8.0,PAS-DE-CALAIS,3,3,COM:7731; SFIO:18274; CNI:22619
1958,62.0-9.0,PAS-DE-CALAIS,4,3,COM:12203; SFIO:12702; UNR:9780; MRP:10858
1958,63.0-1.0,PUY-DE-DOME,4,3,COM:9819; SFIO:13796; RADSOC:4957; UNR:18288
1958,63.0-3.0,PUY-DE-DOME,4,3,COM:4253; SFIO:10574; RADCENT:3723; CNI:14118
1958,63.0-4.0,PUY-DE-DOME,4,3,COM:5235; SFIO:14779; CNI:15602; POUJ:5923
1958,63.0-5.0,PUY-DE-DOME,6,3,COM:7045; SFIO:8404; RADSOC:7969; UNR:3806; MRP:7277; CNI:9047
1958,64.0-1.0,PYRENEES-ATLANTIQUES,7,5,COM:5098; SFIO:5781; RADSOC:9249; UDSRMIN:4374; UNR:10322; MRP:11067; CNI:18781
1958,64.0-2.0,PYRENEES-ATLANTIQUES,6,3,COM:5242; SFIO:5604; RADSOC:11882; MRP:5453; EXD:19142; DIV:5008
1958,64.0-4.0,PYRENEES-ATLANTIQUES,5,3,COM:6650; SFIO:9286; UNR:23606; MRP:3302; CNI:16923
1958,65.0-1.0,HAUTES-PYRENEES,5,3,COM:7809; SFIO:5007; RADSOC:18282; UNR:7992; MRP:6420
1958,65.0-2.0,HAUTES-PYRENEES,6,4,COM:6536; SFIO:6543; RADSOC:8235; CRR:2448; DIVGAUL:3683; CNI:20681
1958,66.0-1.0,PYRENEES-ORIENTALES,4,3,COM:13462; SFIO:16904; RADSOC:11660; MOD:8456
1958,66.0-2.0,PYRENEES-ORIENTALES,4,4,COM:18247; SFIO:20056; UNR:6117; CNI:8380
1958,67.0-1.0,BAS-RHIN,7,5,COM:2256; SFIO:3468; RADSOC:1685; UNR:9947; CRR:1789; MRP:9483; MOD:4320
1958,67.0-2.0,BAS-RHIN,5,4,COM:3627; SFIO:5476; UNR:12867; MRP:12212; MOD:3650
1958,67.0-3.0,BAS-RHIN,4,4,COM:6338; SFIO:5748; MRP:26793; CNI:14439
1958,68.0-1.0,HAUT-RHIN,4,4,COM:2872; SFIO:7181; UNR:18135; MRP:22676
1958,68.0-2.0,HAUT-RHIN,4,4,COM:3205; SFIO:4943; UNR:18154; MRP:16569
1958,68.0-3.0,HAUT-RHIN,4,3,COM:2671; UNR:16933; MRP:20517; CNI:8152
1958,68.0-4.0,HAUT-RHIN,5,3,COM:3919; SFIO:21465; UNR:8186; MRP:14033; CNI:3369
1958,68.0-5.0,HAUT-RHIN,4,4,COM:3765; SFIO:3812; UNR:10947; MRP:22164
1958,69.0-10.0,RHONE,6,4,COM:4248; SFIO:3862; RADSOC:4242; CNI:8289; MOD:8403; POUJ:1861
1958,69.0-2.0,RHONE,6,3,COM:4251; SFIO:3337; RADUFD:4748; MRP:1810; CNI:14983; DIV:2490
1958,69.0-4.0,RHONE,5,3,COM:6918; SFIO:5723; RADSOC:8176; CNI:24916; EXD:2911
1958,69.0-6.0,RHONE,4,3,COM:16465; SFIO:13720; UNR:15048; CNI:4940
1958,69.0-9.0,RHONE,5,3,COM:3603; MRP:11966; MOD:13600; EXD:1866; POUJ:2039
1958,7.0-1.0,ARDECHE,6,4,COM:10973; SFIO:3859; RADSOC:6921; UNR:6740; MRP:4317; MOD:12729
1958,7.0-2.0,ARDECHE,4,3,COM:6199; SFIO:6493; MRP:6651; MOD:23549
1958,7.0-3.0,ARDECHE,5,4,COM:8021; SFIO:3228; UNR:9536; CNI:9348; MOD:8412
1958,70.0-1.0,HAUTE-SAONE,4,3,COM:4804; RADSOC:16205; CNI:22010; EXD:5476
1958,71.0-1.0,SAONE-ET-LOIRE,5,4,COM:8432; SFIO:10177; RADSOC:6717; UNR:6591; CNI:10777
1958,71.0-2.0,SAONE-ET-LOIRE,6,4,COM:7879; SFIO:8804; RADSOC:6776; UNR:5070; CNI:11852; MOD:6502
1958,71.0-5.0,SAONE-ET-LOIRE,5,3,COM:6365; SFIO:5298; RADSOC:4428; CNI:15422; MOD:9036
1958,72.0-1.0,SARTHE,5,4,COM:4281; SFIO:4460; UNR:18089; MRP:8120; POUJ:4647
1958,72.0-2.0,SARTHE,5,3,COM:11141; SFIO:2159; RADSOC:13235; UNR:11714; MRP:3113
1958,72.0-3.0,SARTHE,5,4,COM:4878; RADSOC:7174; RADCENT:6091; UNR:15145; MOD:2914
1958,72.0-4.0,SARTHE,5,3,COM:5387; SFIO:5626; UNR:14940; MRP:10155; MOD:2698
1958,74.0-1.0,HAUTE-SAVOIE,4,3,COM:5987; SFIO:4543; MRP:25968; MOD:15876
1958,75.0-1.0,PARIS,4,4,COM:8930; SFIO:4833; UNR:9987; CNI:16964
1958,75.0-10.0,PARIS,6,3,COM:15405; SFIO:4235; RADSOC:4853; UNR:9696; MRP:3947; CNI:9040
1958,75.0-12.0,PARIS,5,3,COM:9055; SFIO:6165; RADCENT:3707; UNR:15008; DIV:4471
1958,75.0-13.0,PARIS,6,3,COM:12030; SFIO:3460; RADCENT:3493; UNR:7309; MRP:1885; CNI:5748
1958,75.0-14.0,PARIS,7,4,COM:10466; UFD:2407; SFIO:3918; UNR:8788; CRR:3691; MRP:2458; CNI:6565
1958,75.0-15.0,PARIS,7,5,COM:7008; UFD:4181; SFIO:4111; UNR:7390; CRR:6571; MRP:3592; CNI:13868
1958,75.0-16.0,PARIS,6,4,COM:10816; SFIO:5151; RADUFD:2333; UNR:9490; MRP:2030; CNI:8081
1958,75.0-17.0,PARIS,6,3,COM:8168; UFD:2577; SFIO:4467; CRR:7162; DIVGAUL:2982; CNI:19502
1958,75.0-18.0,PARIS,5,3,COM:5852; SFIO:3203; UNR:8014; MRP:4782; CNI:12190
1958,75.0-19.0,PARIS,5,4,COM:8776; SFIO:4064; UNR:8955; CRR:6263; MRP:9886
1958,75.0-2.0,PARIS,6,4,COM:10725; SFIO:4114; UNR:9968; CRR:3482; CNI:9512; DIV:5901
1958,75.0-20.0,PARIS,7,4,COM:5315; SFIO:4515; RADCENT:7542; UNR:14564; CRR:4121; CNI:10973; MOD:2894
1958,75.0-21.0,PARIS,6,3,COM:4031; SFIO:3362; RADCENT:2488; UNR:14595; CNI:18358; MOD:4492
1958,75.0-22.0,PARIS,5,3,COM:3150; SFIO:2684; UNR:11233; CRR:6616; CNI:11859
1958,75.0-23.0,PARIS,5,4,COM:4549; SFIO:3349; RADCENT:15118; UNR:7461; CNI:7544
1958,75.0-24.0,PARIS,5,3,COM:7244; SFIO:3697; RADSOC:3804; RADCENT:10039; UNR:9423
1958,75.0-25.0,PARIS,6,3,COM:9923; SFIO:6148; RADSOC:3791; RADCENT:11373; UNR:9607; DIV:4545
1958,75.0-26.0,PARIS,5,3,COM:8771; SFIO:5233; RADCENT:9474; UNR:10304; CNI:2468
1958,75.0-27.0,PARIS,6,5,COM:11455; SFIO:5753; UNR:6786; CRR:2829; MRP:4562; CNI:4194
1958,75.0-29.0,PARIS,6,3,COM:9932; SFIO:2732; UNR:6799; CRR:4693; MRP:6103; CNI:2802
1958,75.0-3.0,PARIS,7,6,COM:8670; UFD:4216; SFIO:3999; UNR:4736; CRR:3645; MRP:6909; CNI:11711
1958,75.0-30.0,PARIS,4,3,COM:11792; SFIO:5142; UNR:8616; CNI:11994
1958,75.0-32.0,PARIS,5,3,COM:11640; SFIO:14794; RADCENT:3681; UNR:12934; MOD:4229
1958,75.0-33.0,PARIS,4,3,COM:18492; SFIO:8296; UNR:12487; MRP:4334
1958,75.0-34.0,PARIS,4,3,COM:8603; SFIO:10985; UNR:25359; CNI:9765
1958,75.0-35.0,PARIS,5,4,COM:10412; SFIO:7735; RADSOC:4701; UNR:10080; CNI:10494
1958,75.0-38.0,PARIS,6,3,COM:16827; UFD:3185; SFIO:8590; UNR:14692; MRP:8778; MOD:7866
1958,75.0-4.0,PARIS,6,4,COM:5077; SFIO:3370; UNR:7494; CRR:6886; MRP:4445; CNI:12387
1958,75.0-43.0,PARIS,5,3,COM:16861; SFIO:13578; RADUFD:3514; UNR:16096; MRP:6351
1958,75.0-44.0,PARIS,4,4,COM:20034; SFIO:9219; CNI:11944; DIV:7017
1958,75.0-46.0,PARIS,5,4,COM:11407; SFIO:5660; RADCENT:23924; UNR:12589; DIV:3122
1958,75.0-48.0,PARIS,6,3,COM:11761; SFIO:3121; DIVGAUL:5750; MRP:10277; CNI:12785; MOD:3822
1958,75.0-49.0,PARIS,6,3,COM:14538; UFD:5150; SFIO:5098; RADCENT:11980; UNR:12130; MRP:2943
1958,75.0-51.0,PARIS,6,3,COM:12295; SFIO:5868; UNR:9373; CRR:4957; MRP:3013; CNI:2964
1958,75.0-53.0,PARIS,7,5,COM:13216; UFD:5165; SFIO:4171; RADCENT:7877; UNR:7797; MRP:3120; MOD:6636
1958,75.0-54.0,PARIS,7,4,COM:13130; UFD:7111; SFIO:6298; RADCENT:2797; UNR:11233; MRP:4984; CNI:8556
1958,75.0-55.0,PARIS,7,3,COM:17389; SFIO:6549; UNR:12859; CRR:2723; MRP:2812; CNI:5315; DIV:3141
1958,75.0-6.0,PARIS,5,3,COM:2888; SFIO:2601; UNR:11380; CNI:13811; MOD:2511
1958,75.0-7.0,PARIS,8,5,COM:5847; SFIO:2870; RADUFD:3111; UNR:8019; CRR:2821; CNI:8964; MOD:8615; EXD:2629
1958,75.0-8.0,PARIS,5,3,COM:12840; SFIO:6308; RADUFD:3972; UNR:16617; CNI:18463
1958,75.0-9.0,PARIS,5,4,COM:10892; SFIO:3660; RADCENT:6039; UNR:8048; CNI:9475
1958,76.0-1.0,SEINE-MARITIME,6,4,COM:7937; UFD:3674; SFIO:3164; UNR:8659; MRP:8182; CNI:9088
1958,76.0-10.0,SEINE-MARITIME,6,3,COM:2877; SFIO:5896; RADSOC:2715; RADCENT:9199; UNR:4492; CNI:9437
1958,76.0-2.0,SEINE-MARITIME,5,3,COM:12770; SFIO:10861; RADCENT:9149; DIVGAUL:2323; MRP:6622
1958,76.0-3.0,SEINE-MARITIME,6,3,COM:12590; UFD:6547; SFIO:6593; UNR:12421; MRP:3271; CNI:5216
1958,76.0-4.0,SEINE-MARITIME,6,4,COM:7815; SFIO:4089; RADSOC:9123; RADCENT:9312; CRR:3378; MRP:4872
1958,76.0-5.0,SEINE-MARITIME,5,4,COM:7858; RADSOC:12385; DIVGAUL:2599; CNI:18166; MOD:3891
1958,76.0-6.0,SEINE-MARITIME,4,4,COM:11519; SFIO:3518; DIVGAUL:9622; CNI:24338
1958,76.0-7.0,SEINE-MARITIME,5,3,COM:19149; SFIO:4096; UNR:11331; DIVGAUL:2377; MRP:4254
1958,76.0-8.0,SEINE-MARITIME,5,5,COM:5088; RADSOC:5106; UNR:5427; CNI:9395; MOD:11842
1958,76.0-9.0,SEINE-MARITIME,4,4,COM:7830; SFIO:9534; MRP:3260; CNI:18031
1958,77.0-1.0,SEINE-ET-MARNE,5,3,COM:9278; SFIO:5410; UNR:15227; MRP:3686; MOD:12797
1958,77.0-3.0,SEINE-ET-MARNE,5,4,COM:7986; SFIO:5395; CRR:11061; CNI:13154; MOD:6592
1958,77.0-4.0,SEINE-ET-MARNE,6,3,COM:9099; SFIO:2577; RADSOC:4987; UNR:15283; CNI:5231; POUJ:2206
1958,77.0-5.0,SEINE-ET-MARNE,6,4,COM:7524; SFIO:3810; UNR:14691; MRP:2973; MOD:9216; POUJ:2891
1958,78.0-1.0,YVELINES,3,3,COM:23602; SFIO:5795; UNR:21230
1958,78.0-10.0,YVELINES,5,4,COM:13955; SFIO:7736; UNR:6057; MRP:4384; MOD:12577
1958,78.0-11.0,YVELINES,4,3,COM:16793; SFIO:11109; UNR:23856; CNI:3606
1958,78.0-12.0,YVELINES,5,4,COM:12855; SFIO:5842; UNR:20101; MRP:15128; MOD:9190
1958,78.0-13.0,YVELINES,5,3,COM:13104; SFIO:6857; RADSOC:2708; UNR:21680; MRP:4240
1958,78.0-14.0,YVELINES,6,3,COM:12142; SFIO:3868; UNR:8304; DIVGAUL:8210; CNI:7523; DIV:3091
1958,78.0-15.0,YVELINES,4,3,COM:17150; SFIO:4494; UNR:10805; MOD:23921
1958,78.0-16.0,YVELINES,5,3,COM:13847; SFIO:5835; MRP:8323; MOD:16214; DIV:4369
1958,78.0-17.0,YVELINES,6,3,COM:6903; SFIO:2188; RADSOC:14352; MRP:7437; CNI:5038; EXD:4329
1958,78.0-18.0,YVELINES,5,4,COM:8826; SFIO:4020; RADCENT:17132; RADUFD:2115; UNR:8004
1958,78.0-2.0,YVELINES,6,3,COM:14007; SFIO:6594; RADUFD:2672; UNR:15398; CRR:6946; DIVGAUL:6131
1958,78.0-3.0,YVELINES,5,3,COM:10640; SFIO:5596; UNR:17321; DIVGAUL:10189; MOD:13069
1958,78.0-4.0,YVELINES,6,3,COM:11108; SFIO:5653; RADCENT:11873; UNR:14472; MRP:3256; MOD:7825
1958,78.0-5.0,YVELINES,5,3,COM:12367; SFIO:5819; CRR:4007; CNI:20198; MOD:5464
1958,78.0-6.0,YVELINES,7,3,COM:11619; SFIO:3876; RADSOC:3652; RADCENT:5755; UNR:13103; MRP:5565; MOD:2967
1958,78.0-7.0,YVELINES,6,5,COM:9939; SFIO:5250; RADSOC:2300; UNR:12683; DIVGAUL:2638; MOD:8259
1958,78.0-8.0,YVELINES,4,3,COM:10284; SFIO:3553; UNR:16764; MRP:8469
1958,78.0-9.0,YVELINES,5,4,COM:17096; SFIO:9872; CRR:9033; MRP:6557; DIV:3194
1958,79.0-1.0,DEUX-SEVRES,6,3,COM:5437; SFIO:10616; RADSOC:7484; UNR:6358; MRP:15157; CNI:9267
1958,79.0-2.0,DEUX-SEVRES,7,3,COM:3485; RADSOC:6200; UNR:10866; MRP:8224; CNI:14541; MOD:5017; POUJ:3297
1958,79.0-3.0,DEUX-SEVRES,5,4,COM:2767; SFIO:5281; UNR:8635; MRP:13051; CNI:15054
1958,8.0-1.0,ARDENNES,6,4,COM:8458; SFIO:7088; RADSOC:2634; UNR:6401; MRP:7817; CNI:7395
1958,8.0-2.0,ARDENNES,5,3,COM:10540; SFIO:6950; UNR:10262; MRP:10316; MOD:5838
1958,8.0-3.0,ARDENNES,7,3,COM:5925; UFD:7219; SFIO:2998; RADSOC:2140; UNR:9677; CRR:3690; CNI:9867
1958,80.0-1.0,SOMME,5,3,COM:17185; SFIO:14760; UNR:10682; MRP:4892; CNI:4639
1958,80.0-2.0,SOMME,5,3,COM:12397; SFIO:7889; MRP:4099; CNI:14911; MOD:3318
1958,80.0-3.0,SOMME,4,3,COM:12848; SFIO:8003; RADSOC:14178; UNR:10433
1958,80.0-5.0,SOMME,5,3,COM:11364; SFIO:6905; RADSOC:5950; UNR:15767; MOD:7756
1958,81.0-1.0,TARN,5,3,COM:11447; SFIO:15469; MRP:16984; CNI:5983; EXD:4190
1958,81.0-2.0,TARN,6,4,COM:6087; SFIO:6500; UNR:10730; MRP:13419; CNI:10412; MOD:3460
1958,81.0-3.0,TARN,6,4,COM:7809; SFIO:10561; RADSOC:5750; UNR:3682; MRP:8787; CNI:13708
1958,82.0-2.0,TARN-ET-GARONNE,6,3,COM:6229; SFIO:5021; RADSOC:7874; UNR:11629; MRP:4553; POUJ:3158
1958,83.0-1.0,VAR,5,3,COM:11708; SFIO:12829; UNR:10671; CNI:7201; MOD:3369
1958,83.0-2.0,VAR,7,3,COM:8152; SFIO:7601; RADSOC:2853; RADCENT:2872; UNR:10502; CRR:6044; MOD:3700
1958,83.0-3.0,VAR,5,3,COM:9325; SFIO:10684; UNR:15150; CNI:6101; MOD:4211
1958,83.0-4.0,VAR,3,3,COM:15071; SFIO:13694; UNR:23083
1958,84.0-2.0,VAUCLUSE,7,4,COM:7975; SFIO:7886; RADSOC:4599; RADCENT:4475; UNR:7244; MRP:3588; MOD:4270
1958,84.0-3.0,VAUCLUSE,6,3,COM:8989; SFIO:3913; RADSOC:10778; UNR:5915; MRP:3737; EXD:5698
1958,85.0-1.0,VENDEE,5,3,COM:3045; SFIO:4150; UNR:4038; MRP:13614; CNI:22167
1958,85.0-3.0,VENDEE,7,3,COM:4042; SFIO:3488; DIVGAUL:4472; MRP:15061; CNI:12451; MOD:5318; POUJ:7164
1958,86.0-1.0,VIENNE,5,3,COM:9269; SFIO:3885; UNR:6662; CRR:14514; CNI:12573
1958,86.0-2.0,VIENNE,5,3,COM:6610; SFIO:3469; UNR:14172; MRP:15647; MOD:7043
1958,86.0-3.0,VIENNE,8,3,COM:8321; SFIO:2717; RADSOC:4664; UNR:10816; MRP:11258; CNI:3461; MOD:9388; POUJ:3391
1958,88.0-1.0,VOSGES,6,3,COM:5948; UFD:3609; SFIO:7279; UNR:14107; MRP:10740; MOD:6714
1958,88.0-2.0,VOSGES,4,3,COM:8178; SFIO:2760; UNR:18059; MOD:10777
1958,88.0-3.0,VOSGES,6,3,COM:3289; UFD:2064; UNR:11597; CRR:6514; MRP:2422; MOD:9840
1958,88.0-4.0,VOSGES,4,3,COM:3838; SFIO:3637; UNR:19514; MRP:15546
1958,89.0-1.0,YONNE,5,4,COM:6188; SFIO:4927; RADSOC:4213; UNR:12360; CNI:10203
1958,89.0-2.0,YONNE,7,4,COM:7357; SFIO:3236; RADCENT:6391; UNR:3128; CRR:3390; CNI:13359; MOD:4034
1958,89.0-3.0,YONNE,5,3,COM:9944; SFIO:7423; RADSOC:4476; UNR:17666; CNI:7289
1958,9.0-1.0,ARIEGE,5,4,COM:7028; SFIO:9644; RADSOC:5847; UNR:2420; CRR:6037
1958,9.0-2.0,ARIEGE,4,4,COM:8195; SFIO:12891; RADSOC:6958; UNR:6630
1958,90.0-2.0,TERRITOIRE DE BELFORT,6,4,COM:1484; UFD:1546; SFIO:4005; UNR:3827; CRR:2920; MRP:5722
1962,1.0-1.0,AIN,5,3,COM:5169; SFIO:9987; UNR-UDT:6744; MRP:10300; MOD:5402
1962,1.0-2.0,AIN,5,4,COM:8563; SFIO:4636; UNR-UDT:7702; DIVGAULL:4857; MOD:14016
1962,1.0-3.0,AIN,4,3,COM:6346; RADSOC:7493; UNR-UDT:10623; MRP:12622
1962,10.0-2.0,AUBE,4,3,COM:7096; SFIO:5154; UNR-UDT:8962; MOD:9889
1962,10.0-3.0,AUBE,5,3,COM:11429; SFIO:5098; UNR-UDT:10997; MRP:4399; CNI:7054
1962,11.0-1.0,AUDE,4,3,COM:8957; SFIO:15541; UNR-UDT:6814; MRP:6987
1962,11.0-3.0,AUDE,4,3,COM:5597; SFIO:14426; RADSOC:10137; UNR-UDT:7542
1962,13.0-1.0,BOUCHES-DU-RHONE,4,4,COM:5033; SFIO:4917; UNR-UDT:9292; CNI:9519
1962,13.0-10.0,BOUCHES-DU-RHONE,5,3,COM:19969; SFIO:15489; DIVGAULL:4648; MRP:10680; MOD:4611
1962,13.0-2.0,BOUCHES-DU-RHONE,4,4,COM:10024; SFIO:10716; UNR-UDT:12952; CNI:11630
1962,13.0-3.0,BOUCHES-DU-RHONE,4,3,COM:9156; SFIO:10676; UNR-UDT:8396; CNI:6313
1962,13.0-5.0,BOUCHES-DU-RHONE,4,3,COM:10089; SFIO:6649; UNR-UDT:7151; CNI:5423
1962,13.0-6.0,BOUCHES-DU-RHONE,3,3,COM:12681; SFIO:11693; CNI:9547
1962,13.0-9.0,BOUCHES-DU-RHONE,5,3,COM:9368; SFIO:12247; UNR-UDT:13204; MOD:5090; EXD:6769
1962,15.0-2.0,CANTAL,5,3,COM:3868; SFIO:2608; UNR-UDT:13318; MRP:4851; CNI:5489
1962,17.0-3.0,CHARENTE-MARITIME,4,3,COM:4197; SFIO:3364; UNR-UDT:6318; CNI:13443
1962,17.0-4.0,CHARENTE-MARITIME,5,3,COM:6408; PSU:2373; RADSOC:12074; CNI:11240; MOD:3981
1962,18.0-1.0,CHER,3,3,COM:13127; UNR-UDT:11622; MOD:15575
1962,19.0-3.0,CORREZE,3,3,COM:11548; SFIO:9912; UNR-UDT:9213
1962,2.0-3.0,AISNE,4,3,COM:8553; SFIO:5083; UNR-UDT:15654; CNI:7366
1962,20.0-2.0,CORSE,4,3,COM:4677; RADSOC:9651; UNR-UDT:4875; CNI:7177
1962,21.0-4.0,COTE-D'OR,5,3,COM:5197; SFIO:5307; RADSOC:5329; UNR-UDT:7219; CNI:8636
1962,22.0-5.0,COTES-D'ARMOR,4,3,COM:12390; PSU:5498; RADCENT:16532; UNR-UDT:14067
1962,23.0-1.0,CREUSE,5,3,COM:8708; PSU:2683; SFIO:5379; RADCENT:9812; UNR-UDT:4081
1962,24.0-1.0,DORDOGNE,4,3,COM:14074; SFIO:6503; RADSOC:9828; UNR-UDT:12764
1962,24.0-3.0,DORDOGNE,4,3,COM:12317; SFIO:5702; RADCENT:18318; UNR-UDT:10364
1962,24.0-4.0,DORDOGNE,4,3,COM:10872; SFIO:18865; RADSOC:9081; UNR-UDT:7373
1962,26.0-1.0,DROME,5,3,COM:9756; SFIO:4047; RADSOC:5492; UNR-UDT:12064; MRP:9046
1962,26.0-3.0,DROME,5,3,COM:8946; SFIO:5583; UNR-UDT:7053; INDVREP:9350; CNI:8646
1962,27.0-2.0,EURE,4,3,COM:4415; PSU:2973; UNR-UDT:7891; MOD:13651
1962,27.0-3.0,EURE,5,3,COM:5790; PSU:4418; SFIO:2285; UNR-UDT:7342; MOD:12185
1962,29.0-1.0,FINISTERE,6,3,COM:9300; PSU:2654; SFIO:3700; UNR-UDT:10835; MRP:8983; MOD:7903
1962,29.0-2.0,FINISTERE,5,3,COM:7520; SFIO:5718; UNR-UDT:20509; CNI:11618; MOD:2748
1962,29.0-6.0,FINISTERE,5,4,COM:5199; SFIO:5454; RADCENT:8534; UNR-UDT:11404; MRP:11012
1962,29.0-8.0,FINISTERE,4,4,COM:10110; RADSOC:8414; UNR-UDT:9609; MRP:11415
1962,3.0-1.0,ALLIER,5,3,COM:9192; SFIO:5292; RADSOC:1937; UNR-UDT:8062; MOD:7203
1962,3.0-3.0,ALLIER,5,3,COM:14879; SFIO:9109; RADSOC:2126; UNR-UDT:6874; CNI:5227
1962,30.0-2.0,GARD,4,3,COM:15491; PSU:10297; UNR-UDT:11550; CNI:17734
1962,31.0-2.0,HAUTE-GARONNE,6,3,COM:7861; PSU:4703; SFIO:6075; UNR-UDT:9218; CNI:9731; EXD:2667
1962,31.0-6.0,HAUTE-GARONNE,4,3,COM:4109; SFIO:11939; RADSOC:15219; MRP:4545
1962,32.0-1.0,GERS,4,3,COM:6967; SFIO:8686; RADSOC:11929; UNR-UDT:7052
1962,33.0-1.0,GIRONDE,4,3,COM:7170; SFIO:8666; UNR-UDT:22208; CNI:10567
1962,33.0-8.0,GIRONDE,5,3,COM:6570; SFIO:4015; RADSOC:4356; UNR-UDT:10360; CNI:12295
1962,34.0-1.0,HERAULT,5,4,COM:9075; SFIO:5959; RADSOC:6773; UNR-UDT:11991; CNI:10044
1962,34.0-3.0,HERAULT,4,3,COM:13581; SFIO:11313; UNR-UDT:12042; MOD:3026
1962,34.0-4.0,HERAULT,5,3,COM:12298; SFIO:6707; RADSOC:5673; UNR-UDT:13004; CNI:2839
1962,35.0-2.0,ILLE-ET-VILAINE,5,3,COM:7202; SFIO:6469; UNR-UDT:15611; MRP:8727; CNI:11758
1962,35.0-5.0,ILLE-ET-VILAINE,5,3,COM:2207; RADSOC:3065; UNR-UDT:10529; MRP:8699; CNI:11932
1962,36.0-2.0,INDRE,5,3,COM:10446; SFIO:1855; RADCENT:7676; UNR-UDT:10430; MOD:3569
1962,37.0-2.0,INDRE-ET-LOIRE,7,3,COM:5209; SFIO:3156; RADSOC:2964; RADCENT:1727; UNR-UDT:11105; CNI:4851; MOD:2232
1962,38.0-1.0,ISERE,4,3,COM:8697; SFIO:3520; UNR-UDT:9153; MOD:11704
1962,38.0-4.0,ISERE,5,3,COM:5245; PSU:2005; SFIO:5888; UNR-UDT:9762; CNI:6122
1962,38.0-6.0,ISERE,5,3,COM:8294; SFIO:3122; UNR-UDT:6391; MRP:6859; CNI:6139
1962,38.0-7.0,ISERE,5,3,COM:8622; SFIO:2660; UNR-UDT:8519; MRP:4119; MOD:12833
1962,39.0-1.0,JURA,5,3,COM:6753; PSU:2708; SFIO:3711; UNR-UDT:10606; MRP:18662
1962,41.0-1.0,LOIR-ET-CHER,4,3,COM:8306; PSU:4292; UNR-UDT:11512; MRP:10785
1962,42.0-3.0,LOIRE,6,3,COM:7072; PSU:3586; SFIO:2469; UNR-UDT:9141; MRP:9988; CNI:7995
1962,42.0-4.0,LOIRE,6,3,COM:9850; PSU:2280; SFIO:2814; RADCENT:7346; UNR-UDT:7750; MRP:4375
1962,42.0-5.0,LOIRE,5,3,COM:8090; PSU:1866; SFIO:2720; RADCENT:14421; UNR-UDT:8391
1962,42.0-7.0,LOIRE,4,3,COM:5035; RADSOC:8627; UNR-UDT:10085; CNI:16614
1962,43.0-1.0,HAUTE-LOIRE,4,4,COM:4854; UNR-UDT:8049; MRP:14801; MOD:19919
1962,43.0-2.0,HAUTE-LOIRE,4,3,COM:6061; RADSOC:7031; UNR-UDT:15000; CNI:15833
1962,44.0-1.0,LOIRE-ATLANTIQUE,6,3,COM:6810; PSU:2658; SFIO:6132; UNR-UDT:23895; MRP:3536; CNI:6007
1962,44.0-3.0,LOIRE-ATLANTIQUE,5,3,COM:5528; SFIO:7843; UNR-UDT:13048; MRP:3717; CNI:7231
1962,44.0-4.0,LOIRE-ATLANTIQUE,5,4,COM:2689; DIVGAULL:4598; INDVREP:21023; MRP:9444; MOD:5338
1962,44.0-6.0,LOIRE-ATLANTIQUE,4,3,COM:5638; SFIO:15974; UNR-UDT:11965; MRP:11627
1962,44.0-7.0,LOIRE-ATLANTIQUE,5,3,COM:2462; SFIO:2249; UNR-UDT:14497; DIVGAULL:5449; MRP:9520
1962,44.0-8.0,LOIRE-ATLANTIQUE,4,3,COM:3031; UNR-UDT:16378; MRP:8547; MOD:13346
1962,45.0-2.0,LOIRET,5,3,COM:8382; SFIO:5156; UNR-UDT:13745; MRP:8646; CNI:3594
1962,45.0-4.0,LOIRET,4,3,COM:8136; SFIO:4259; UNR-UDT:13703; MOD:10086
1962,48.0-1.0,LOZERE,5,4,COM:2569; RADSOC:1950; UNR-UDT:3414; MRP:5888; MOD:5763
1962,48.0-2.0,LOZERE,4,4,COM:1286; UNR-UDT:4279; MRP:6507; CNI:4012
1962,5.0-1.0,HAUTES-ALPES,5,4,COM:4365; RADSOC:4205; UNR-UDT:2581; INDVREP:2597; MRP:4960
1962,51.0-3.0,MARNE,5,3,COM:7362; PSU:4298; UNR-UDT:19137; MRP:4895; CNI:4371
1962,51.0-4.0,MARNE,4,3,COM:10283; RADSOC:4480; UNR-UDT:12589; MRP:12712
1962,52.0-2.0,HAUTE-MARNE,4,3,COM:9427; RADSOC:5673; UNR-UDT:10196; CNI:10202
1962,53.0-2.0,MAYENNE,5,4,COM:2122; SFIO:2448; UNR-UDT:8130; MRP:11958; CNI:9435
1962,53.0-3.0,MAYENNE,4,3,COM:1925; SFIO:2508; MRPVREP:14149; MOD:16532
1962,56.0-5.0,MORBIHAN,5,3,COM:9674; SFIO:7858; UNR-UDT:11757; MRP:2990; CNI:9460
1962,57.0-2.0,MOSELLE,3,3,COM:3424; UNR-UDT:16018; MRP:17374
1962,57.0-4.0,MOSELLE,4,3,COM:3961; SFIO:2458; INDVREP:14726; MRP:13661
1962,58.0-2.0,NIEVRE,5,3,COM:11014; SFIO:3343; RADSOC:2569; UNR-UDT:10265; MOD:8626
1962,59.0-18.0,NORD,4,3,COM:16385; SFIO:7250; UNR-UDT:10931; EXD:2455
1962,59.0-20.0,NORD,3,3,COM:25223; SFIO:13995; UNR-UDT:13484
1962,59.0-7.0,NORD,5,3,COM:9101; SFIO:17118; UNR-UDT:19696; MRP:5829; CNI:5831
1962,6.0-2.0,ALPES-MARITIMES,4,3,COM:6702; SFIO:3954; RADCENT:9691; UNR-UDT:16061
1962,6.0-3.0,ALPES-MARITIMES,4,3,COM:9313; RADCENT:7525; UNR-UDT:10566; DIVGAULL:7826
1962,6.0-4.0,ALPES-MARITIMES,3,3,COM:9654; RADCENT:17345; UNR-UDT:10949
1962,60.0-3.0,OISE,4,4,COM:9665; RADSOC:17549; UNR-UDT:9070; DIVGAULL:2135
1962,61.0-2.0,ORNE,5,3,COM:2537; RADSOC:5755; RADCENT:8954; UNR-UDT:10119; MRP:3997
1962,62.0-10.0,PAS-DE-CALAIS,4,3,COM:15164; SFIO:12226; UNR-UDT:9215; MRP:2062
1962,62.0-11.0,PAS-DE-CALAIS,4,3,COM:13334; SFIO:12734; UNR-UDT:9802; MRP:4063
1962,62.0-13.0,PAS-DE-CALAIS,4,3,COM:11759; SFIO:11670; UNR-UDT:6750; MRP:2723
1962,62.0-4.0,PAS-DE-CALAIS,6,3,COM:4770; SFIO:6381; RADSOC:3574; UNR-UDT:9892; MRP:5578; MOD:8412
1962,62.0-9.0,PAS-DE-CALAIS,4,3,COM:11809; SFIO:9014; UNR-UDT:9878; MRP:9109
1962,63.0-5.0,PUY-DE-DOME,7,3,COM:7453; SFIO:6246; RADSOC:5104; UNR-UDT:4745; DIVGAULL:3904; MRP:3939; CNI:5809
1962,64.0-1.0,PYRENEES-ATLANTIQUES,5,3,COM:5602; SFIO:6288; UNR-UDT:17468; MRP:6014; CNI:18878
1962,65.0-2.0,HAUTES-PYRENEES,4,3,COM:7894; SFIO:9498; UNR-UDT:14626; CNI:11588
1962,66.0-1.0,PYRENEES-ORIENTALES,4,3,COM:13660; RADCENT:18759; UNR-UDT:11725; POUJ:2837
1962,66.0-2.0,PYRENEES-ORIENTALES,3,3,COM:18896; RADSOC:15973; UNR-UDT:13233
1962,69.0-1.0,RHONE,6,3,COM:8643; SFIO:4873; UNR-UDT:12300; MRP:2362; CNI:4016; EXD:5841
1962,69.0-2.0,RHONE,5,3,COM:4593; RADSOC:3157; UNR-UDT:10538; MRP:3220; CNI:5602
1962,69.0-3.0,RHONE,6,3,COM:5200; RADSOC:5241; UNR-UDT:12397; MRP:2777; MOD:2298; EXD:4255
1962,69.0-4.0,RHONE,4,3,COM:6519; SFIO:5562; UNR-UDT:19726; CNI:11348
1962,69.0-5.0,RHONE,4,3,COM:6084; RADSOC:6506; UNR-UDT:12553; CNI:8236
1962,69.0-6.0,RHONE,4,3,COM:17613; SFIO:15063; UNR-UDT:14263; DIVGAULL:2710
1962,69.0-8.0,RHONE,4,3,COM:9250; UNR-UDT:9223; MRP:3942; CNI:13182
1962,7.0-1.0,ARDECHE,5,3,COM:10686; SFIO:4361; UNR-UDT:9166; MRP:5919; CNI:8748
1962,72.0-1.0,SARTHE,5,3,COM:5048; SFIO:3510; UNR-UDT:16616; MRP:6377; EXD:1921
1962,72.0-2.0,SARTHE,3,3,COM:13466; RADSOC:9544; UNR-UDT:10494
1962,73.0-1.0,SAVOIE,4,3,COM:6144; SFIO:4106; UNR-UDT:7157; MOD:16415
1962,75.0-1.0,PARIS,3,3,COM:9207; UNR-UDT:14894; CNI:11585
1962,75.0-11.0,PARIS,5,3,COM:7221; PSU:2445; RADCENT:2214; UNR-UDT:16897; EXD:3883
1962,75.0-15.0,PARIS,6,3,COM:6451; PSU:4743; SFIO:2244; UNR-UDT:15688; MRP:2208; CNI:7559
1962,75.0-18.0,PARIS,3,3,COM:6639; UNR-UDT:14501; CNI:8334
1962,75.0-2.0,PARIS,5,3,COM:10031; PSU:2352; SFIO:2772; UNR-UDT:15106; CNI:7109
1962,75.0-20.0,PARIS,5,3,COM:4562; PSU:2941; UNR-UDT:22982; CNI:8819; MOD:4771
1962,75.0-21.0,PARIS,4,3,COM:3693; SFIO:3646; UNR-UDT:16274; CNI:16160
1962,75.0-22.0,PARIS,5,3,COM:2657; SFIO:2040; UNR-UDT:13556; CNI:5372; MOD:3459
1962,75.0-23.0,PARIS,6,3,COM:3772; PSU:2449; RADCENT:4450; UNR-UDT:13717; CNI:1887; MOD:5750
1962,75.0-25.0,PARIS,5,3,COM:9360; SFIO:4238; RADCENT:4429; UNR-UDT:15882; CNI:3714
1962,75.0-26.0,PARIS,4,3,COM:7831; SFIO:3901; UNR-UDT:14591; CNI:5042
1962,75.0-27.0,PARIS,4,3,COM:11873; UNR-UDT:12506; MRP:3091; MOD:2079
1962,75.0-3.0,PARIS,5,3,COM:7556; PSU:4211; SFIO:2608; UNR-UDT:16753; CNI:7092
1962,75.0-34.0,PARIS,4,3,COM:7475; SFIO:10743; UNR-UDT:21989; CNI:8168
1962,75.0-4.0,PARIS,4,3,COM:5647; UNR-UDT:14821; MRP:2722; CNI:8907
1962,75.0-46.0,PARIS,5,3,COM:11908; RADSOC:2790; UNR-UDT:20483; MRP:3342; CNI:12317
1962,75.0-48.0,PARIS,5,3,COM:13975; UNR-UDT:14693; DIVGAULL:3015; MRP:8010; CNI:7464
1962,75.0-49.0,PARIS,4,3,COM:13958; PSU:8128; RADCENT:9593; UNR-UDT:17335
1962,75.0-5.0,PARIS,4,3,COM:4242; SFIO:2746; UNR-UDT:17621; CNI:15121
1962,75.0-6.0,PARIS,5,3,COM:2666; SFIO:2035; UNR-UDT:13484; CNI:8865; MOD:1944
1962,75.0-7.0,PARIS,6,3,COM:5444; PSU:2261; RADSOC:2287; UNR-UDT:17528; CNI:5841; MOD:1891
1962,76.0-1.0,SEINE-MARITIME,6,3,COM:8530; PSU:2021; SFIO:2796; UNR-UDT:19420; MRP:3644; CNI:2765
1962,76.0-10.0,SEINE-MARITIME,5,3,COM:2861; SFIO:4944; RADCENT:8196; UNR-UDT:12325; MRP:4542
1962,76.0-4.0,SEINE-MARITIME,5,3,COM:8116; RADSOC:7693; RADCENT:10540; UNR-UDT:10782; MRP:3325
1962,76.0-6.0,SEINE-MARITIME,4,3,COM:13827; SFIO:4520; UNR-UDT:16223; MOD:15019
1962,77.0-1.0,SEINE-ET-MARNE,5,3,COM:10770; PSU:2937; SFIO:2997; UNR-UDT:22186; CNI:4044
1962,77.0-2.0,SEINE-ET-MARNE,4,3,COM:13763; SFIO:2748; UNR-UDT:14911; CNI:8908
1962,78.0-15.0,YVELINES,4,3,COM:21019; RADCENT:16989; UNR-UDT:21280; MOD:5470
1962,78.0-18.0,YVELINES,4,3,COM:9002; RADSOC:6669; RADCENT:8645; UNR-UDT:14139
1962,78.0-5.0,YVELINES,4,3,COM:15480; PSU:5277; UNR-UDT:23276; CNI:14726
1962,79.0-2.0,DEUX-SEVRES,6,4,COM:3189; SFIO:6158; UNR-UDT:11736; MRP:2919; CNI:15631; POUJ:4112
1962,79.0-3.0,DEUX-SEVRES,5,3,COM:2538; SFIO:4705; UNR-UDT:12144; MRP:11556; CNI:7696
1962,8.0-1.0,ARDENNES,5,3,COM:8969; SFIO:4075; UNR-UDT:11885; MRP:3841; CNI:7139
1962,8.0-2.0,ARDENNES,5,3,COM:9495; PSU:5279; SFIO:3007; UNR-UDT:14679; MRP:7075
1962,80.0-2.0,SOMME,5,3,COM:9300; PSU:2947; SFIO:5386; UNR-UDT:12384; CNI:8759
1962,80.0-3.0,SOMME,4,3,COM:13175; SFIO:6547; RADSOC:11527; UNR-UDT:10692
1962,80.0-4.0,SOMME,3,3,COM:9073; SFIO:19297; UNR-UDT:13828
1962,81.0-2.0,TARN,5,3,COM:6790; SFIO:8733; UNR-UDT:10458; MRP:8085; MOD:11345
1962,81.0-3.0,TARN,5,3,COM:8215; SFIO:9610; RADSOC:4917; UNR-UDT:8176; CNI:15094
1962,83.0-1.0,VAR,4,3,COM:12112; SFIO:12069; UNR-UDT:9656; MOD:9511
1962,85.0-1.0,VENDEE,4,3,COM:3460; SFIO:3637; MRP:20281; CNI:14897
1962,85.0-2.0,VENDEE,4,3,COM:5371; SFIO:5761; UNR-UDT:17286; CNI:13104
1962,86.0-2.0,VIENNE,4,3,COM:6069; RADSOC:3507; UNR-UDT:9617; MRP:17908
1962,88.0-3.0,VOSGES,6,3,COM:3160; PSU:2364; UNR-UDT:13432; MRP:4223; CNI:4679; MOD:5015
1962,89.0-1.0,YONNE,6,3,COM:6264; SFIO:4822; RADSOC:4303; UNR-UDT:9938; CNI:3388; MOD:2808
1962,9.0-2.0,ARIEGE,4,3,COM:8769; PSU:3799; SFIO:12876; UNR-UDT:6656
1962,90.0-1.0,TERRITOIRE DE BELFORT,5,3,COM:2848; PSU:3556; SFIO:1926; UNR-UDT:10785; MRP:3118
1962,90.0-2.0,TERRITOIRE DE BELFORT,5,3,COM:1791; PSU:1692; SFIO:2608; UNR-UDT:7943; MRP:3326
1967,1.0-3.0,AIN,4,3,COM:7692; FGDS:10140; RI:15907; CENTDEM:15900
1967,14.0-1.0,CALVADOS,4,3,COM:12831; FGDS:10026; UD5:32419; CENTDEM:8942
1967,14.0-2.0,CALVADOS,4,3,COM:6523; FGDS:5459; UD5:19185; CENTDEM:7003
1967,2.0-1.0,AISNE,4,3,COM:8772; FGDS:6240; UD5:17429; CENTDEM:11276
1967,2.0-5.0,AISNE,3,3,COM:14351; RADDROIT:23807; UD5:13095
1967,29.0-2.0,FINISTERE,3,3,COM:11942; UD5:21797; CENTDEM:23283
1967,30.0-2.0,GARD,4,3,COM:19414; FGDS:18332; UD5:11677; CENTDEM:21662
1967,30.0-4.0,GARD,3,3,COM:14241; FGDS:11850; UD5:8769
1967,33.0-10.0,GIRONDE,4,3,FGDS:6646; UD5:12980; MOD:6513; CENTDEM:6173
1967,33.0-7.0,GIRONDE,4,4,COM:6717; FGDS:8745; UD5:16528; CENTDEM:20585
1967,34.0-2.0,HERAULT,4,3,COM:10339; FGDS:15347; UD5:11675; CENTDEM:13176
1967,35.0-1.0,ILLE-ET-VILAINE,3,3,PSU:11198; UD5:15188; CENTDEM:24832
1967,35.0-3.0,ILLE-ET-VILAINE,3,3,FGDS:5675; UD5:13475; CENTDEM:17497
1967,36.0-2.0,INDRE,3,3,COM:13994; FGDS:6789; UD5:12273
1967,39.0-1.0,JURA,3,3,COM:8469; UD5:21901; CENTDEM:14935
1967,39.0-2.0,JURA,3,3,COM:8421; RADDROIT:23665; UD5:17524
1967,4.0-2.0,ALPES-DE-HAUTE-PROVENCE,4,3,COM:7257; FGDS:8195; UD5:6476; CENTDEM:3274
1967,42.0-5.0,LOIRE,3,3,COM:11287; UD5:14508; CENTDEM:13452
1967,42.0-6.0,LOIRE,3,3,FGDS:9050; UD5:13047; CENTDEM:5933
1967,42.0-7.0,LOIRE,3,3,FGDS:10691; RI:14307; CENTDEM:17527
1967,43.0-1.0,HAUTE-LOIRE,3,3,FGDS:9460; RI:16305; CENTDEM:20313
1967,43.0-2.0,HAUTE-LOIRE,4,3,FGDS:12196; UD5:13990; MOD:6869; CENTDEM:11515
1967,46.0-1.0,LOT,4,3,COM:6108; FGDS:7916; RADDROIT:13388; UD5:14833
1967,46.0-2.0,LOT,3,3,COM:10355; RADDROIT:11191; UD5:15166
1967,47.0-1.0,LOT-ET-GARONNE,4,3,COM:12164; FGDS:13060; UD5:12880; CENTDEM:14559
1967,49.0-1.0,MAINE-ET-LOIRE,4,3,COM:6253; FGDS:5658; UD5:12216; CENTDEM:8577
1967,5.0-2.0,HAUTES-ALPES,4,3,COM:3666; FGDS:3240; RADDROIT:4286; RI:7699
1967,51.0-3.0,MARNE,4,3,COM:11452; FGDS:7841; UD5:21881; CENTDEM:10466
1967,51.0-4.0,MARNE,4,3,COM:11400; FGDS:8637; UD5:14799; CENTDEM:14150
1967,53.0-1.0,MAYENNE,3,3,FGDS:8193; UD5:16884; CENTDEM:16310
1967,53.0-2.0,MAYENNE,4,3,COM:4864; UD5:10136; MOD:6133; CENTDEM:16244
1967,57.0-1.0,MOSELLE,3,3,COM:13355; RI:31439; CENTDEM:10593
1967,57.0-4.0,MOSELLE,4,3,COM:8175; DIVGAULL:9018; RI:17058; CENTDEM:7789
1967,57.0-6.0,MOSELLE,4,3,COM:7501; UD5:14539; DIVGAULL:7459; MOD:8817
1967,59.0-17.0,NORD,3,3,COM:11272; FGDS:10901; UD5:13599
1967,59.0-19.0,NORD,3,3,COM:22657; FGDS:19448; UD5:17353
1967,6.0-1.0,ALPES-MARITIMES,3,3,COM:18074; UD5:16389; CENTDEM:7269
1967,6.0-2.0,ALPES-MARITIMES,3,3,COM:9820; UD5:16621; CENTDEM:23264
1967,6.0-4.0,ALPES-MARITIMES,3,3,COM:13075; UD5:12262; CENTDEM:19721
1967,6.0-5.0,ALPES-MARITIMES,3,3,COM:13219; UD5:17898; CENTDEM:28979
1967,6.0-6.0,ALPES-MARITIMES,3,3,COM:14412; FGDS:11619; UD5:25264
1967,60.0-2.0,OISE,3,3,COM:10093; UD5:15914; CENTDEM:12773
1967,60.0-3.0,OISE,3,3,COM:10328; FGDS:17327; UD5:7639
1967,61.0-2.0,ORNE,4,3,FGDS:5626; UD5:12131; MOD:8656; CENTDEM:10298
1967,61.0-3.0,ORNE,3,3,FGDS:6180; RI:18876; CENTDEM:18621
1967,64.0-1.0,PYRENEES-ATLANTIQUES,3,3,FGDS:19054; UD5:24124; CENTDEM:26808
1967,64.0-4.0,PYRENEES-ATLANTIQUES,4,3,COM:8997; FGDS:9090; UD5:25696; CENTDEM:22006
1967,66.0-1.0,PYRENEES-ORIENTALES,3,3,COM:19607; RADDROIT:25731; UD5:13234
1967,69.0-2.0,RHONE,4,4,COM:7534; FGDS:7252; UD5:16121; CENTDEM:7749
1967,69.0-3.0,RHONE,3,3,COM:5290; UD5:13824; MOD:7934
1967,69.0-5.0,RHONE,4,3,COM:6041; FGDS:7489; UD5:13127; CENTDEM:10493
1967,69.0-6.0,RHONE,3,3,COM:30441; FGDS:25386; UD5:22376
1967,69.0-7.0,RHONE,4,3,COM:13878; PSU:12795; UD5:30041; CENTDEM:13570
1967,69.0-8.0,RHONE,4,3,COM:9422; FGDS:7210; UD5:14944; CENTDEM:12177
1967,69.0-9.0,RHONE,3,3,FGDS:8326; RALLIE:13667; CENTDEM:8173
1967,7.0-2.0,ARDECHE,4,3,COM:6905; FGDS:9271; UD5:8922; CENTDEM:19716
1967,72.0-1.0,SARTHE,4,3,COM:8544; FGDS:5347; UD5:13783; CENTDEM:13767
1967,72.0-3.0,SARTHE,4,3,COM:7577; FGDS:13787; UD5:10553; CENTDEM:8466
1967,74.0-1.0,HAUTE-SAVOIE,3,3,COM:9007; RI:19895; CENTDEM:25766
1967,74.0-3.0,HAUTE-SAVOIE,4,3,COM:8184; FGDS:12042; UD5:18770; CENTDEM:11990
1967,75.0-23.0,PARIS,4,3,COM:4463; FGDS:5157; UD5:15917; CENTDEM:8821
1967,75.0-3.0,PARIS,4,3,COM:8139; PSU:6673; UD5:16678; CENTDEM:6066
1967,76.0-9.0,SEINE-MARITIME,3,3,COM:13443; FGDS:12787; UD5:14362
1967,77.0-1.0,SEINE-ET-MARNE,4,3,COM:13328; FGDS:10642; UD5:28016; CENTDEM:10407
1967,77.0-5.0,SEINE-ET-MARNE,4,3,COM:7751; FGDS:8216; UD5:15513; CENTDEM:15505
1967,78.0-5.0,YVELINES,3,3,COM:9925; RI:12164; CENTDEM:9446
1967,78.0-7.0,YVELINES,4,3,COM:12402; FGDS:5792; UD5:14021; CENTDEM:10361
1967,79.0-2.0,DEUX-SEVRES,3,3,FGDS:9235; UD5:12926; CENTDEM:24031
1967,83.0-3.0,VAR,4,3,COM:12676; UD5:16938; CENTDEM:7637; ALLREP:10497
1967,85.0-3.0,VENDEE,3,3,UD5:16450; MOD:15040; CENTDEM:14603
1967,86.0-2.0,VIENNE,3,3,COM:14424; UD5:9772; CENTDEM:24070
1967,92.0-10.0,HAUTS-DE-SEINE,4,3,COM:11826; FGDS:7944; UD5:18041; CENTDEM:6371
1967,92.0-6.0,HAUTS-DE-SEINE,4,3,COM:8612; FGDS:8055; UD5:23131; CENTDEM:7167
1967,95.0-4.0,VAL-D'OISE,4,3,COM:13006; FGDS:12467; UD5:27790; CENTDEM:8590
1973,12.0-3.0,AVEYRON,3,3,SOC:11509; DIVREF:12283; UDRURP:17066
1973,13.0-9.0,BOUCHES-DU-RHONE,4,3,COM:14001; SOC:26528; REFRAD:13834; CDPURP:15267
1973,16.0-2.0,CHARENTE,3,3,COM:8338; REFRAD:10918; UDRURP:15251
1973,19.0-1.0,CORREZE,3,3,COM:14409; DIVREF:13541; CDPURP:10249
1973,27.0-2.0,EURE,4,3,SOC:7436; DIVREF:8800; UDRURP:8416; RI:7726
1973,27.0-3.0,EURE,4,3,COM:9585; SOC:8211; DIVREF:12904; UDRURP:10670
1973,28.0-1.0,EURE-ET-LOIR,4,3,COM:8495; SOC:9840; REFRAD:13491; RIURP:20419
1973,28.0-3.0,EURE-ET-LOIR,4,3,COM:8881; MRG:7622; DVG:8729; UDRURP:15300
1973,29.0-5.0,FINISTERE,3,3,SOC:7631; DIVREF:14113; UDRURP:24466
1973,3.0-4.0,ALLIER,3,3,COM:12165; REFRAD:23912; UDRURP:11175
1973,33.0-2.0,GIRONDE,3,3,SOC:5059; DIVREF:4483; UDRURP:12570
1973,39.0-1.0,JURA,3,3,SOC:9933; DIVREF:12499; RIURP:17473
1973,42.0-3.0,LOIRE,4,3,COM:8746; SOC:9441; DVD:12599; UDRURP:9028
1973,44.0-4.0,LOIRE-ATLANTIQUE,3,3,SOC:10856; REFRAD:12282; RIURP:29587
1973,45.0-3.0,LOIRET,3,3,COM:8033; DIVREF:11151; UDRURP:21553
1973,48.0-1.0,LOZERE,3,3,SOC:3962; RIURP:7434; CDP:4163
1973,49.0-2.0,MAINE-ET-LOIRE,3,3,SOC:8571; DIVREF:9622; UDRURP:24085
1973,50.0-4.0,MANCHE,3,3,SOC:6873; DVD:7980; UDRURP:17769
1973,52.0-1.0,HAUTE-MARNE,3,3,MRG:8531; DIVREF:14926; UDRURP:19624
1973,54.0-1.0,MEURTHE-ET-MOSELLE,3,3,COM:10521; REFRAD:16188; DIVGAULL:10138
1973,54.0-2.0,MEURTHE-ET-MOSELLE,3,3,SOC:12545; RIURP:13350; UDR:9572
1973,54.0-4.0,MEURTHE-ET-MOSELLE,3,3,COM:7941; REFRAD:6191; RIURP:13959
1973,54.0-5.0,MEURTHE-ET-MOSELLE,3,3,SOC:5699; DIVURP:11489; DIVGAULL:6057
1973,56.0-3.0,MORBIHAN,3,3,SOC:10057; DIVREF:10088; UDRURP:22684
1973,57.0-1.0,MOSELLE,3,3,SOC:11827; REFRAD:18142; CDPURP:16207
1973,57.0-4.0,MOSELLE,4,3,COM:11260; SOC:8654; DIVREF:12710; RIURP:17134
1973,57.0-5.0,MOSELLE,3,3,SOC:10797; REFRAD:15605; UDRURP:21109
1973,57.0-7.0,MOSELLE,3,3,REFRAD:9257; UDRURP:12170; CDP:11012
1973,6.0-2.0,ALPES-MARITIMES,3,3,COM:10053; DIVREF:20378; RIURP:15949
1973,6.0-3.0,ALPES-MARITIMES,4,3,COM:17015; SOC:10588; DIVREF:12838; RIURP:20196
1973,6.0-5.0,ALPES-MARITIMES,3,3,COM:14354; DVG:20548; UDRURP:19687
1973,61.0-3.0,ORNE,4,3,SOC:11163; DIVREF:10956; UDRURP:12743; RIURP:10950
1973,64.0-2.0,PYRENEES-ATLANTIQUES,3,3,SOC:10584; REFRAD:18540; UDRURP:23462
1973,64.0-4.0,PYRENEES-ATLANTIQUES,3,3,SOC:14706; DIVREF:15472; UDRURP:25056
1973,69.0-2.0,RHONE,3,3,SOC:8348; DIVREF:8887; UDRURP:11707
1973,69.0-5.0,RHONE,3,3,MRG:5921; DIVREF:6897; UDRURP:12355
1973,69.0-7.0,RHONE,4,3,SOC:9924; DIVREF:12948; UDRURP:8980; CDPURP:9370
1973,70.0-1.0,HAUTE-SAONE,3,3,SOC:12664; DIVREF:13250; RIURP:19976
1973,74.0-1.0,HAUTE-SAVOIE,3,3,SOC:12379; DIVREF:21123; RIURP:27188
1973,74.0-3.0,HAUTE-SAVOIE,4,3,COM:10835; SOC:10714; DIVREF:11534; UDRURP:21426
1973,75.0-19.0,PARIS,4,3,COM:6114; SOC:5968; REFRAD:6623; UDRURP:13288
1973,77.0-1.0,SEINE-ET-MARNE,4,3,COM:15155; SOC:16718; REFRAD:17389; UDRURP:29614
1973,78.0-6.0,YVELINES,3,3,SOC:7136; DIVREF:8137; UDRURP:14579
1973,79.0-3.0,DEUX-SEVRES,3,3,SOC:9120; DIVREF:16681; UDRURP:18334
1973,86.0-2.0,VIENNE,3,3,COM:11674; DIVREF:18571; UDRURP:12518
1973,92.0-13.0,HAUTS-DE-SEINE,3,3,COM:20434; DIVREF:17015; UDRURP:19619
1973,92.0-8.0,HAUTS-DE-SEINE,4,3,COM:8938; SOC:9008; DIVREF:7516; UDRURP:19632
1973,94.0-1.0,VAL-DE-MARNE,3,3,COM:26368; DIVREF:10721; UDRURP:11848
1973,94.0-8.0,VAL-DE-MARNE,3,3,COM:24033; DVD:13667; UDRURP:19395
1978,29-5.0,FINISTERE,4,3,PSMRG:9998; UDF:8613; RPR:17444; DVD:13394
1981,12-02,AVEYRON,7,4,87634:64124; 58425:46081; 57774:45308; 0:22084; 0:22084; 0:8701; 0:8701
1981,17-01,CHARENTE-MARITIME,7,4,87634:98209; 58425:63574; 57774:62739; 0:30260; 0:30260; 0:20191; 0:20191
1981,27-03,EURE,7,4,87634:78062; 58425:57411; 57774:56621; 0:23818; 0:23818; 0:20904; 0:20904
1981,2A-01,CORSE-DU-SUD,7,4,87634:60216; 58425:38112; 57774:37665; 0:10258; 0:10258; 0:11342; 0:11342
1981,33-05,GIRONDE,7,4,87634:90133; 58425:63457; 57774:62689; 0:26886; 0:26886; 0:27057; 0:27057
1981,62-02,PAS-DE-CALAIS,8,4,87634:63995; 58425:52653; 57774:51827; 4524:11557; 0:22571; 0:22571; 0:17699; 0:17699
1981,71-02,SAONE-ET-LOIRE,7,4,87634:80462; 58425:55888; 57774:55170; 0:25953; 0:25953; 0:21235; 0:21235
1988,42-01,LOIRE,3,3,COM:8802; MAJ:9484; UDF:10694
1988,42-04,LOIRE,3,3,UDF:11115; COM:13124; SOC:9440
1988,57-05,MOSELLE,3,3,SOC:10834; DVD:12458; UDF:15034
1988,65-03,HAUTES-PYRENEES,3,3,RPR:8084; SOC:8939; MAJ:9406
1988,66-02,PYRENEES-ORIENTALES,4,3,SOC:14272; RPR:10836; FRN:8861; COM:9201
1988,68-05,HAUT-RHIN,3,3,SOC:12846; FRN:7153; UDF:10541
1988,69-13,RHONE,3,3,FRN:9046; UDF:11897; SOC:17586
1988,75-03,PARIS,3,3,DVD:8561; DVD:14135; SOC:7497
1988,83-05,VAR,3,3,UDF:21825; SOC:12323; FRN:9823
1993,06-04,ALPES-MARITIMES,3,3,RPR:13369; FRN:9077; UDF:9182
1993,13-08,BOUCHES-DU-RHONE,3,3,RPR:9652; FRN:8915; SOC:8045
1993,13-10,BOUCHES-DU-RHONE,4,3,RDG:16719; COM:12609; RPR:15855; FRN:12393
1993,59-07,NORD,3,3,RPR:13299; FRN:9285; SOC:8995
1993,59-10,NORD,3,3,FRN:12343; SOC:10733; RPR:14670
1993,59-23,NORD,3,3,UDF:13086; FRN:10581; COM:8400
1993,60-07,OISE,3,3,SOC:8853; UDF:12175; FRN:9099
1993,61-03,ORNE,3,3,UDF:11729; RDG:11400; RPR:9817
1993,68-05,HAUT-RHIN,3,3,UDF:9315; FRN:6921; SOC:7732
1993,69-07,RHONE,3,3,SOC:7546; FRN:8184; UDF:11005
1993,69-13,RHONE,3,3,SOC:9981; UDF:11548; FRN:12355
1993,69-14,RHONE,3,3,FRN:6018; COM:6118; RPR:6673
1993,83-03,VAR,3,3,FRN:11608; UDF:15707; DVD:12124
1993,84-02,VAUCLUSE,3,3,SOC:13472; FRN:13557; UDF:21144
1993,84-04,VAUCLUSE,3,3,FRN:9525; SOC:10064; RPR:19415
1997,01-02,AIN,3,3,PRG:10083; RPR:14523; FRN:11265
1997,02-05,AISNE,3,3,SOC:11720; UDF:14978; FRN:9871
1997,08-01,ARDENNES,3,3,PRG:12440; UDF:13413; FRN:9893
1997,08-02,ARDENNES,3,3,PRG:10596; UDF:10703; FRN:8485
1997,10-01,AUBE,3,3,SOC:7936; UDF:9037; FRN:7102
1997,10-02,AUBE,3,3,SOC:10249; RPR:9703; FRN:8732
1997,13-01,BOUCHES-DU-RHONE,3,3,SOC:7586; UDF:10236; FRN:7876
1997,13-03,BOUCHES-DU-RHONE,3,3,SOC:6187; UDF:7450; FRN:6197
1997,13-05,BOUCHES-DU-RHONE,3,3,SOC:6378; RPR:8677; FRN:6692
1997,13-06,BOUCHES-DU-RHONE,3,3,SOC:8662; UDF:11272; FRN:9141
1997,13-09,BOUCHES-DU-RHONE,3,3,COM:16202; UDF:13295; FRN:11452
1997,13-11,BOUCHES-DU-RHONE,3,3,PRG:12589; UDF:14990; FRN:12951
1997,13-15,BOUCHES-DU-RHONE,3,3,SOC:12447; RPR:15111; FRN:13186
1997,13-16,BOUCHES-DU-RHONE,3,3,SOC:13136; RPR:11081; FRN:11345
1997,21-02,COTE-D'OR,3,3,PRG:9210; RPR:12282; FRN:7168
1997,26-04,DROME,3,3,PRG:12036; UDF:12243; FRN:10337
1997,27-04,EURE,3,3,PRG:12441; UDF:13532; FRN:9455
1997,27-05,EURE,3,3,PRG:10717; RPR:14241; FRN:10730
1997,28-03,EURE-ET-LOIR,3,3,PRG:11557; UDF:12886; FRN:8653
1997,2A-02,CORSE-DU-SUD,5,5,COM:5328; RPR:6772; RPR:6772; DVD:6452; DVD:6452
1997,30-01,GARD,3,3,COM:10100; UDF:12304; FRN:11782
1997,30-02,GARD,3,3,PRG:12829; UDF:16390; FRN:15224
1997,30-03,GARD,3,3,PRG:13941; RPR:14197; FRN:12999
1997,34-01,HERAULT,3,3,SOC:10214; UDF:11377; FRN:7765
1997,34-06,HERAULT,3,3,SOC:12141; UDF:12970; FRN:12487
1997,38-06,ISERE,3,3,SOC:12031; UDF:16292; FRN:11821
1997,38-08,ISERE,3,3,SOC:15064; UDF:16127; FRN:12316
1997,42-01,LOIRE,3,3,PRG:11062; UDF:11293; FRN:9614
1997,42-02,LOIRE,3,3,PRG:7425; RPR:8847; FRN:7237
1997,42-03,LOIRE,3,3,PRG:9325; UDF:15629; FRN:11611
1997,42-04,LOIRE,3,3,COM:9107; UDF:12017; FRN:10451
1997,49-04,MAINE-ET-LOIRE,3,3,ECO:8687; UDF:10295; RPR:10307
1997,51-05,MARNE,3,3,PRG:11794; UDF:14951; FRN:8048
1997,52-02,HAUTE-MARNE,3,3,SOC:9008; RPR:13267; FRN:10115
1997,57-01,MOSELLE,3,3,SOC:10329; RPR:12321; FRN:8651
1997,57-02,MOSELLE,3,3,SOC:10895; UDF:13978; FRN:9151
1997,57-04,MOSELLE,3,3,DVG:13802; RPR:11511; FRN:9146
1997,57-06,MOSELLE,3,3,SOC:12399; UDF:12121; FRN:8883
1997,57-08,MOSELLE,3,3,SOC:12989; DVD:14117; FRN:9307
1997,59-07,NORD,3,3,ECO:12467; RPR:10128; FRN:9809
1997,59-08,NORD,3,3,PRG:9845; UDF:11619; FRN:8863
1997,59-10,NORD,3,3,PRG:13532; RPR:12194; FRN:11496
1997,60-01,OISE,3,3,SOC:13618; RPR:14926; FRN:10288
1997,60-02,OISE,3,3,SOC:12798; RPR:14426; FRN:11446
1997,60-03,OISE,3,3,SOC:10587; RPR:8641; FRN:10541
1997,60-04,OISE,3,3,SOC:11181; RPR:17635; FRN:10206
1997,60-05,OISE,3,3,SOC:9620; RPR:14146; FRN:8035
1997,60-06,OISE,3,3,COM:10862; UDF:12681; FRN:10287
1997,60-07,OISE,3,3,SOC:12600; UDF:9933; FRN:11273
1997,62-14,PAS-DE-CALAIS,4,3,COM:12868; SOC:12979; DVD:12052; FRN:9143
1997,66-01,PYRENEES-ORIENTALES,3,3,COM:11180; RPR:7788; FRN:10129
1997,66-02,PYRENEES-ORIENTALES,3,3,PRG:12539; RPR:14458; FRN:11654
1997,67-05,BAS-RHIN,3,3,SOC:12221; UDF:20412; FRN:12426
1997,68-05,HAUT-RHIN,3,3,SOC:9298; UDF:6938; FRN:8472
1997,68-06,HAUT-RHIN,3,3,SOC:12474; UDF:13083; FRN:9936
1997,68-07,HAUT-RHIN,3,3,SOC:12380; RPR:12159; FRN:10013
1997,69-06,RHONE,3,3,SOC:11539; UDF:8440; FRN:8383
1997,69-07,RHONE,3,3,SOC:10161; UDF:7795; FRN:8589
1997,69-11,RHONE,3,3,SOC:10645; RPR:12214; FRN:9971
1997,69-13,RHONE,3,3,SOC:15726; UDF:11267; FRN:14603
1997,70-02,HAUTE-SAONE,3,3,DVG:13702; UDF:8750; FRN:7662
1997,77-04,SEINE-ET-MARNE,3,3,SOC:10031; RPR:14010; FRN:10569
1997,77-05,SEINE-ET-MARNE,3,3,SOC:11725; RPR:15828; FRN:9777
1997,77-06,SEINE-ET-MARNE,3,3,PRG:10339; RPR:13028; FRN:9800
1997,78-08,YVELINES,3,3,SOC:9656; RPR:10372; FRN:11197
1997,78-09,YVELINES,3,3,SOC:9870; RPR:16609; FRN:11893
1997,83-04,VAR,3,3,SOC:16805; RPR:19918; FRN:14478
1997,83-06,VAR,3,3,SOC:18151; UDF:22662; FRN:17470
1997,84-01,VAUCLUSE,3,3,PRG:12698; RPR:13166; FRN:10348
1997,84-02,VAUCLUSE,3,3,PRG:17966; UDF:18473; FRN:14851
1997,84-04,VAUCLUSE,3,3,PRG:11603; RPR:14909; FRN:14591
1997,90-02,TERRITOIRE DE BELFORT,3,3,DVG:12339; UDF:6043; FRN:6228
1997,92-03,HAUTS-DE-SEINE,3,3,PRG:8523; UDF:8686; DIV:10001
1997,93-08,SEINE-SAINT-DENIS,3,3,ECO:9479; RPR:10510; FRN:7362
1997,93-10,SEINE-SAINT-DENIS,3,3,PRG:6285; RPR:8862; FRN:6309
1997,93-12,SEINE-SAINT-DENIS,3,3,DVG:10582; RPR:9842; FRN:7981
1997,95-01,VAL-D'OISE,3,3,SOC:11268; UDF:13577; FRN:9281
1997,95-07,VAL-D'OISE,3,3,ECO:12526; RPR:13044; FRN:9023
1997,95-09,VAL-D'OISE,3,3,PRG:8912; RPR:9064; FRN:8029
2002,06-02,ALPES-MARITIMES,3,3,SOC:9890; UMP:12518; FRN:8556
2002,13-08,BOUCHES-DU-RHONE,3,3,SOC:13996; UDF:10521; FRN:8276
2002,30-02,GARD,3,3,SOC:17806; UMP:13288; FRN:13895
2002,30-03,GARD,3,3,SOC:17020; UMP:17536; FRN:13655
2002,34-06,HERAULT,3,3,SOC:13499; UMP:15737; FRN:10937
2002,34-07,HERAULT,3,3,COM:14007; UMP:19427; FRN:13890
2002,69-13,RHONE,3,3,SOC:16988; UMP:10977; FRN:11956
2002,83-04,VAR,3,3,SOC:16843; UMP:28339; FRN:13301
2002,83-06,VAR,3,3,SOC:17959; UMP:27554; FRN:18131
2002,92-05,HAUTS-DE-SEINE,3,3,SOC:8707; UMP:10311; DVD:10430
2007,64-04,PYRENEES-ATLANTIQUES,3,3,SOC:10773; MODEM:16020; UMP:17009
2012,01-02,AIN,3,3,DVG:11900; UMP:19217; FRN:10894
2012,02-01,AISNE,3,3,SOC:9157; DVG:12416; NouvC:11297
2012,02-05,AISNE,3,3,PRG:14141; UMP:14820; FRN:10793
2012,10-01,AUBE,3,3,PRG:10703; UMP:13397; FRN:9669
2012,13-06,BOUCHES-DU-RHONE,3,3,ECO:11016; UMP:15063; FRN:9218
2012,13-08,BOUCHES-DU-RHONE,3,3,SOC:17034; UMP:17601; FRN:11863
2012,13-10,BOUCHES-DU-RHONE,3,3,ECO:17236; UMP:18679; FRN:13417
2012,13-12,BOUCHES-DU-RHONE,3,3,SOC:13597; UMP:13968; FRN:13257
2012,13-15,BOUCHES-DU-RHONE,3,3,DVG:16744; UMP:20954; FRN:14740
2012,25-04,DOUBS,3,3,SOC:16421; UMP:9341; FRN:9605
2012,2B-01,HAUTE-CORSE,3,3,PRG:7734; ECO:8121; UMP:10241
2012,30-01,GARD,3,3,SOC:14545; NouvC:13920; FRN:12487
2012,30-02,GARD,3,3,SOC:16948; UMP:12318; FRN:17826
2012,30-03,GARD,3,3,SOC:17753; UMP:17266; FRN:13355
2012,30-06,GARD,3,3,ECO:13517; UMP:11804; FRN:11405
2012,34-06,HERAULT,3,3,SOC:14598; UMP:16901; FRN:11329
2012,34-07,HERAULT,3,3,SOC:18422; UMP:19100; FRN:12959
2012,42-04,LOIRE,3,3,ECO:12979; UMP:19227; FRN:12405
2012,57-04,MOSELLE,3,3,SOC:13471; UMP:18362; FRN:11180
2012,57-07,MOSELLE,3,3,SOC:15054; PRV:15310; FRN:12304
2012,60-02,OISE,3,3,SOC:15143; UMP:16564; FRN:11534
2012,60-06,OISE,3,3,FDG:9999; UMP:12333; FRN:9578
2012,64-02,PYRENEES-ATLANTIQUES,3,3,SOC:16761; MODEM:11348; UMP:10432
2012,66-01,PYRENEES-ORIENTALES,3,3,DVG:9692; UMP:11097; FRN:9496
2012,68-06,HAUT-RHIN,3,3,SOC:12394; NouvC:17417; FRN:11859
2012,83-02,VAR,3,3,SOC:14461; UMP:16934; FRN:11650
2012,83-03,VAR,3,3,PRG:16154; UMP:21278; FRN:13550
2012,83-07,VAR,3,3,DVG:15266; UMP:19236; FRN:13008
2012,83-08,VAR,3,3,SOC:16583; UMP:18257; FRN:13813
2012,84-01,VAUCLUSE,3,3,SOC:11107; UMP:9619; FRN:9862
2012,84-03,VAUCLUSE,3,3,SOC:9624; UMP:13151; FRN:15172
2012,92-06,HAUTS-DE-SEINE,3,3,SOC:9225; DVD:9393; DVD:16954
2012,986-01,WALLIS-ET-FUTUNA,3,3,PRG:1179; DVG:1345; DVD:1997
2017,10-01,Aube,3,3,REM:9730; LR:8369; FN:8109
2022,24-03,Dordogne,3,3,NUP:8937; ENS:8796; RN:8477
2022,46-02,Lot,3,3,NUP:9116; DVG:8896; ENS:9103
2022,47-02,Lot-et-Garonne,3,3,NUP:10423; ENS:10259; RN:12233
2022,58-02,Nièvre,3,3,NUP:10004; ENS:11010; RN:11438
2022,81-02,Tarn,3,3,NUP:17400; ENS:16487; RN:13775
2022,92-02,Hauts-de-Seine,3,3,NUP:10465; ENS:10227; LR:9541
2022,92-03,Hauts-de-Seine,3,3,NUP:10348; ENS:14515; LR:13949
2024,03-02,Allier,3,3,RN:17810; LR:10204; UG:12482
2024,06-01,Alpes-Maritimes,3,3,UG:13499; ENS:11558; UXD:20809
2024,07-03,Ardèche,3,3,UG:16239; DVD:15194; RN:18328
2024,13-14,Bouches-du-Rhône,3,3,UXD:21734; UG:20242; ENS:19853
2024,16-01,Charente,3,3,HOR:16784; UG:18166; RN:16761
2024,19-01,Corrèze,3,3,LR:18816; UG:24720; RN:20298
2024,21-01,Côte-d'Or,3,3,UG:14679; ENS:13830; RN:12969
2024,22-01,Côtes-d'Armor,3,3,ENS:21614; UG:19926; RN:16888
2024,22-05,Côtes-d'Armor,3,3,RN:22668; ENS:29479; UG:23858
2024,23-01,Creuse,3,3,DVD:13536; UXD:20403; UG:14359
2024,25-01,Doubs,3,3,RN:16264; UG:16555; ENS:17475
2024,26-04,Drôme,3,3,UG:18222; LR:16635; RN:26621
2024,29-01,Finistère,3,3,ENS:22422; UG:22303; RN:16083
2024,29-02,Finistère,3,3,DVC:9874; UG:18850; RN:12065
2024,29-04,Finistère,3,3,RN:15690; UG:18765; ENS:18586
2024,29-07,Finistère,3,3,ENS:18709; RN:15927; UG:18952
2024,31-01,Haute-Garonne,3,3,UG:26985; ENS:16063; RN:12636
2024,31-02,Haute-Garonne,3,3,UG:30402; RN:19815; ENS:20934
2024,31-03,Haute-Garonne,3,3,RN:13022; ENS:20227; UG:21064
2024,31-09,Haute-Garonne,3,3,ENS:12451; UG:26472; RN:13865
2024,33-01,Gironde,3,3,ENS:28564; RN:15654; UG:25517
2024,33-03,Gironde,3,3,ENS:17080; RN:12037; UG:30664
2024,33-06,Gironde,3,3,RN:21174; ENS:25636; UG:27564
2024,33-07,Gironde,3,3,RN:12766; UG:21913; ENS:18854
2024,34-06,Hérault,3,3,DVD:16968; RN:25563; UG:13126
2024,35-01,Ille-et-Vilaine,3,3,UG:28467; ENS:21453; RN:11878
2024,35-02,Ille-et-Vilaine,3,3,ENS:25792; RN:13130; UG:30361
2024,35-03,Ille-et-Vilaine,3,3,RN:18850; ENS:19919; UG:24649
2024,38-01,Isère,3,3,UXD:11504; UG:25207; ENS:21089
2024,42-02,Loire,3,3,RN:8595; UDI:7310; UG:13652
2024,42-05,Loire,3,3,RN:25644; UG:13039; LR:29832
2024,44-01,Loire-Atlantique,3,3,RN:9937; ENS:20488; UG:23671
2024,44-03,Loire-Atlantique,3,3,UG:29285; RN:13425; ENS:16135
2024,44-04,Loire-Atlantique,3,3,ENS:14815; RN:13116; UG:30619
2024,44-05,Loire-Atlantique,3,3,UG:34673; ENS:33241; UXD:22722
2024,44-06,Loire-Atlantique,3,3,RN:25886; DVD:22993; UG:26919
2024,44-10,Loire-Atlantique,3,3,RN:23574; UG:25055; ENS:27555
2024,46-01,Lot,3,3,LR:22180; UG:12775; RN:12108
2024,46-02,Lot,3,3,ENS:12752; UG:18079; RN:14369
2024,48-01,Lozère,3,3,RN:14743; DVD:10451; UG:15292
2024,49-01,Maine-et-Loire,3,3,ENS:21087; UG:20475; RN:13995
2024,49-02,Maine-et-Loire,3,3,UG:18621; ENS:21761; RN:15945
2024,49-05,Maine-et-Loire,3,3,UXD:16066; ENS:17730; UG:11220
2024,49-07,Maine-et-Loire,3,3,RN:15802; ENS:19541; UG:16778
2024,54-02,Meurthe-et-Moselle,3,3,RN:10131; ENS:13869; UG:18008
2024,56-05,Morbihan,3,3,ENS:19081; UG:19612; RN:15386
2024,59-02,Nord,3,3,UG:26491; RN:12256; ENS:11630
2024,59-04,Nord,3,3,ENS:21494; RN:17832; UG:20301
2024,59-07,Nord,3,3,HOR:17168; RN:13163; UG:15053
2024,59-09,Nord,3,3,RN:12533; ENS:20620; UG:18869
2024,60-07,Oise,3,3,RN:19769; LR:10519; UG:13289
2024,63-01,Puy-de-Dôme,3,3,ENS:13156; UG:20841; RN:15025
2024,63-03,Puy-de-Dôme,3,3,ENS:16800; RN:16735; UG:20470
2024,64-04,Pyrénées-Atlantiques,3,3,UG:21968; DVD:10434; RN:14806
2024,64-06,Pyrénées-Atlantiques,3,3,UG:21650; UXD:18610; ENS:19806
2024,67-02,Bas-Rhin,3,3,RN:10407; UG:21533; ENS:11063
2024,67-03,Bas-Rhin,3,3,ENS:13260; UG:17355; RN:10567
2024,69-01,Rhône,3,3,UG:22045; ENS:15275; RN:9361
2024,69-04,Rhône,3,3,UG:22959; RN:10818; ENS:18744
2024,69-05,Rhône,3,3,ENS:21402; RN:16962; UG:17701
2024,69-07,Rhône,3,3,UG:20063; ENS:11799; RN:9280
2024,69-08,Rhône,4,4,RN:25810; UG:17548; LR:15941; ENS:16338
2024,69-12,Rhône,3,3,RN:14989; UG:18039; ENS:17333
2024,71-05,Saône-et-Loire,4,3,RN:19807; DVD:10746; UG:13130; ENS:11699
2024,76-01,Seine-Maritime,3,3,UG:20040; RN:8567; ENS:12456
2024,77-01,Seine-et-Marne,3,3,UG:14701; ENS:12816; UXD:14542
2024,77-08,Seine-et-Marne,3,3,UG:22663; ENS:20622; RN:17465
2024,78-01,Yvelines,3,3,ENS:20235; UG:17073; RN:11686
2024,78-04,Yvelines,3,3,ENS:23932; UXD:11599; UG:15787
2024,78-05,Yvelines,3,3,UG:14600; DVD:12241; ENS:22874
2024,78-06,Yvelines,3,3,UG:14247; RN:10781; ENS:20212
2024,78-07,Yvelines,3,3,UXD:13987; ENS:15903; UG:18810
2024,78-10,Yvelines,3,3,ENS:22367; UG:14918; RN:18795
2024,78-12,Yvelines,3,3,UG:15333; RN:12585; ENS:20610
2024,79-01,Deux-Sèvres,3,3,UG:20571; RN:15447; DVC:25247
2024,80-02,Somme,3,3,RN:14142; ENS:12997; UG:15217
2024,85-04,Vendée,4,4,UG:13164; RN:16345; DVD:28086; ENS:13192
2024,86-01,Vienne,3,3,RN:15918; HOR:15875; UG:18232
2024,86-02,Vienne,3,3,RN:13864; UG:16254; ENS:18855
2024,87-01,Haute-Vienne,3,3,UG:21271; ENS:15544; RN:18904
2024,87-03,Haute-Vienne,3,3,RN:19310; DVC:14768; UG:19494
2024,91-01,Essonne,3,3,DIV:11506; UG:19109; RN:9264
2024,91-07,Essonne,3,3,RN:11676; ENS:14000; UG:19012
2024,91-08,Essonne,3,3,DVD:13532; DSV:16288; UG:16986
2024,92-06,Hauts-de-Seine,3,3,LR:11217; ENS:22627; UG:10857
2024,94-01,Val-de-Marne,4,3,UG:19974; DVD:16916; ENS:11232; RN:11100
2024,94-03,Val-de-Marne,3,3,UXD:12491; ENS:10871; UG:19290
2024,94-04,Val-de-Marne,3,3,RN:13474; UG:16505; ENS:15287
2024,94-05,Val-de-Marne,3,3,UG:22657; RN:12401; ENS:23416
2024,95-01,Val-d'Oise,3,3,UG:17230; RN:18823; ENS:14244
2024,95-06,Val-d'Oise,3,3,ENS:12745; UG:18603; RN:10911
